persona_id,source,psid_index,latent_ability,group,name,email,trait_Age,trait_Sex,trait_Education,trait_Class of Worker,trait_Marital Status,trait_Place of Birth,trait_Big Five Scores 1,trait_Big Five Scores 2,trait_Defining Quirks,trait_Personal Time,trait_Lifestyle,trait_Political Views,trait_Fertility,trait_Income Bracket,trait_Housing Situation,trait_Relationship with Technology,trait_Hobbies,trait_Communication Style,trait_Risk Tolerance,trait_Travel Frequency,trait_Pet Ownership,trait_Prior Occupation,trait_Industry
0,psid,71,1.8584114624132027,,,,40,Male,Bachelor's Degree,Public,Single,New York,High openness,High agreeableness,Loves puzzles,Traveling,Active,Green,Has children,Middle income,Owns home,Tech-savvy,Crafting,Open,Risk-averse,Never travels,No pets,Computer systems analysts and scientists,"Professional, Scientific, and Technical Services"
1,psid,83,-1.6567353006370062,,,,40,Female,Bachelor's Degree,Private,Married,Connecticut,High agreeableness,High openness,Loves puzzles,Traveling,Laid-back,Green,Has children,Middle income,Owns home,Tech-savvy,Hiking,Humorous,High risk-taker,Never travels,Owns a dog,Computer systems analysts and scientists,"Professional, Scientific, and Technical Services"
2,psid,0,1.9114901374969189,,,,38,Female,Bachelor's Degree,Public,Single,New York,High conscientiousness,High openness,Very social,Playing sports,Laid-back,Independent,Planning to have children,Middle income,Rents,Tech-savvy,Photography,Direct,Risk-averse,Never travels,Owns other pets,Biological and life scientists,"Professional, Scientific, and Technical Services"
3,psid,7,0.8154595913688456,,,,40,Male,Master's Degree,Public,Single,New Jersey,High openness,High agreeableness,Loves puzzles,Playing sports,Laid-back,Democrat,Does not have children,Middle income,Owns home,Tech-savvy,Hiking,Direct,Risk-averse,Frequent traveler,Owns a dog,Management analysts,"Professional, Scientific, and Technical Services"
4,psid,7,0.4551758035741979,,,,40,Male,Master's Degree,Private,Divorced,Florida,High neuroticism,High openness,Introverted,Reading,Sedentary,Republican,Planning to have children,Middle income,Owns home,Tech-savvy,Gardening,Diplomatic,Moderate risk-taker,Frequent traveler,Owns other pets,Management analysts,"Professional, Scientific, and Technical Services"
5,psid,65,0.538912165929888,,,,42,Male,Master's Degree,Public,Single,Pennsylvania,High extraversion,High conscientiousness,Loves puzzles,Reading,Balanced,Democrat,Does not have children,Middle income,Owns home,Tech-savvy,Hiking,Humorous,Risk-averse,Rare traveler,Owns a dog,Computer programmers,"Professional, Scientific, and Technical Services"
6,psid,17,-0.7042810649178002,,,,35,Male,Bachelor's Degree,Private,Divorced,Florida,High neuroticism,High openness,Loves puzzles,Playing sports,Workaholic,Democrat,Does not have children,Middle income,Owns home,Tech-savvy,Gardening,Reserved,Risk-averse,Frequent traveler,Owns a dog,Computer systems analysts and scientists,"Professional, Scientific, and Technical Services"
7,psid,32,-1.221446726090408,,,,31,Male,Bachelor's Degree,Private,Single,Connecticut,High openness,High openness,Loves puzzles,Reading,Laid-back,Independent,Undecided,Middle income,Owns home,Tech-savvy,Hiking,Direct,High risk-taker,Occasional traveler,Owns a cat,Computer systems analysts and scientists,"Professional, Scientific, and Technical Services"
8,psid,39,-0.18235834281787666,,,,37,Male,Master's Degree,Private,Married,Canada,High neuroticism,High conscientiousness,Extremely organized,Traveling,Workaholic,Green,Undecided,Middle income,Rents,Tech-savvy,Crafting,Reserved,Risk-averse,Occasional traveler,Owns other pets,Biological and life scientists,"Professional, Scientific, and Technical Services"
9,psid,60,0.08467996253811215,,,,26,Female,Bachelor's Degree,Private,Divorced,Florida,High neuroticism,High neuroticism,Always punctual,Playing sports,Active,Independent,Undecided,Middle income,Owns home,Tech-savvy,Crafting,Humorous,Moderate risk-taker,Occasional traveler,Owns a cat,Computer systems analysts and scientists,"Professional, Scientific, and Technical Services"
10,psid,42,0.3955798312042801,,,,29,Male,Bachelor's Degree,Private,Married,New York,High extraversion,High openness,Loves puzzles,Gaming,Workaholic,Democrat,Has children,Middle income,Rents,Tech-savvy,Crafting,Reserved,Risk-averse,Frequent traveler,Owns other pets,Computer systems analysts and scientists,"Professional, Scientific, and Technical Services"
11,psid,11,-1.962002115034831,,,,38,Male,Master's Degree,Private,Single,New Jersey,High conscientiousness,High openness,Always punctual,Traveling,Sedentary,Republican,Planning to have children,Middle income,Rents,Tech-savvy,Hiking,Humorous,Moderate risk-taker,Frequent traveler,Owns a dog,Computer systems analysts and scientists,"Professional, Scientific, and Technical Services"
12,psid,43,1.5605487719367706,,,,34,Male,Master's Degree,Self-Employed,Divorced,Florida,High conscientiousness,High extraversion,Always punctual,Gaming,Sedentary,Democrat,Undecided,Middle income,Owns home,Tech-savvy,Playing musical instruments,Diplomatic,Risk-averse,Rare traveler,Owns other pets,Computer systems analysts and scientists,"Professional, Scientific, and Technical Services"
13,psid,43,1.6314831115445783,,,,34,Male,Master's Degree,Private,Divorced,New York,High neuroticism,High neuroticism,Always punctual,Cooking,Active,Green,Has children,Middle income,Rents,Tech-savvy,Crafting,Diplomatic,High risk-taker,Rare traveler,Owns a cat,Computer systems analysts and scientists,"Professional, Scientific, and Technical Services"
14,psid,24,0.32480371056777385,,,,36,Female,Master's Degree,Private,Married,California,High conscientiousness,High extraversion,Loves puzzles,Reading,Sedentary,Independent,Planning to have children,Middle income,Owns home,Tech-savvy,Playing musical instruments,Open,High risk-taker,Occasional traveler,Owns other pets,Management analysts,"Professional, Scientific, and Technical Services"
15,psid,4,0.37457396805120435,,,,37,Male,Master's Degree,Private,Married,Pennsylvania,High conscientiousness,High openness,Introverted,Gaming,Sedentary,Democrat,Undecided,Middle income,Rents,Tech-savvy,Playing musical instruments,Direct,Risk-averse,Rare traveler,Owns a dog,Computer programmers,"Professional, Scientific, and Technical Services"
16,psid,64,-0.27151447406152074,,,,44,Male,Master's Degree,Private,Married,Canada,High conscientiousness,High conscientiousness,Loves puzzles,Gaming,Active,Democrat,Undecided,Middle income,Owns home,Tech-savvy,Playing musical instruments,Diplomatic,Moderate risk-taker,Occasional traveler,No pets,Biological and life scientists,"Professional, Scientific, and Technical Services"
17,psid,65,0.46824495171055003,,,,42,Male,Master's Degree,Private,Single,Florida,High extraversion,High extraversion,Extremely organized,Reading,Active,Republican,Undecided,Middle income,Owns home,Tech-savvy,Hiking,Diplomatic,High risk-taker,Never travels,Owns a dog,Computer programmers,"Professional, Scientific, and Technical Services"
18,psid,42,-0.793699111556477,,,,29,Male,Bachelor's Degree,Private,Divorced,Connecticut,High neuroticism,High neuroticism,Always punctual,Playing sports,Sedentary,Republican,Has children,Middle income,Owns home,Tech-savvy,Gardening,Humorous,Risk-averse,Frequent traveler,No pets,Computer systems analysts and scientists,"Professional, Scientific, and Technical Services"
19,psid,82,1.0994348959503981,,,,43,Male,Master's Degree,Private,Married,New Jersey,High conscientiousness,High conscientiousness,Loves puzzles,Traveling,Active,Democrat,Does not have children,Middle income,Rents,Tech-savvy,Crafting,Diplomatic,Risk-averse,Frequent traveler,Owns a cat,Computer systems analysts and scientists,"Professional, Scientific, and Technical Services"
20,psid,43,-1.204293613825506,,,,34,Male,Master's Degree,Private,Married,Canada,High neuroticism,High neuroticism,Introverted,Gaming,Workaholic,Republican,Undecided,Middle income,Owns home,Tech-savvy,Hiking,Diplomatic,Risk-averse,Rare traveler,Owns a cat,Computer systems analysts and scientists,"Professional, Scientific, and Technical Services"
21,psid,30,0.486128690691649,,,,42,Male,Bachelor's Degree,Private,Single,New Jersey,High extraversion,High neuroticism,Loves puzzles,Gaming,Laid-back,Independent,Does not have children,Middle income,Rents,Tech-savvy,Crafting,Humorous,Moderate risk-taker,Frequent traveler,Owns a dog,Computer programmers,"Professional, Scientific, and Technical Services"
22,psid,63,-0.21774868229694788,,,,38,Female,Master's Degree,Private,Married,Connecticut,High openness,High conscientiousness,Always punctual,Cooking,Laid-back,Green,Planning to have children,Middle income,Owns home,Tech-savvy,Playing musical instruments,Humorous,High risk-taker,Occasional traveler,Owns a dog,Technical writers,"Professional, Scientific, and Technical Services"
23,psid,44,-1.860977710743701,,,,29,Male,Bachelor's Degree,Private,Single,Canada,High neuroticism,High neuroticism,Loves puzzles,Gaming,Active,Democrat,Has children,Middle income,Rents,Tech-savvy,Gardening,Humorous,High risk-taker,Rare traveler,No pets,Computer programmers,"Professional, Scientific, and Technical Services"
24,psid,25,1.2043693529583004,,,,39,Male,Bachelor's Degree,Public,Single,Pennsylvania,High extraversion,High conscientiousness,Very social,Cooking,Active,Independent,Has children,Middle income,Owns home,Tech-savvy,Playing musical instruments,Reserved,Risk-averse,Rare traveler,Owns a dog,Computer systems analysts and scientists,"Professional, Scientific, and Technical Services"
25,psid,16,1.0530997361895829,,,,32,Male,Bachelor's Degree,Private,Single,Florida,High agreeableness,High neuroticism,Always punctual,Cooking,Balanced,Republican,Planning to have children,Middle income,Owns home,Tech-savvy,Photography,Open,Moderate risk-taker,Occasional traveler,Owns a dog,Computer programmers,"Professional, Scientific, and Technical Services"
26,psid,17,-0.7922915641860575,,,,35,Male,Bachelor's Degree,Public,Divorced,Florida,High neuroticism,High agreeableness,Always punctual,Cooking,Active,Independent,Does not have children,Middle income,Owns home,Tech-savvy,Gardening,Open,Moderate risk-taker,Occasional traveler,No pets,Computer systems analysts and scientists,"Professional, Scientific, and Technical Services"
27,psid,36,-0.5140180152196352,,,,32,Male,Associate's Degree,Private,Divorced,Connecticut,High openness,High openness,Loves puzzles,Reading,Laid-back,Democrat,Undecided,Middle income,Owns home,Tech-savvy,Hiking,Direct,Moderate risk-taker,Occasional traveler,No pets,Computer systems analysts and scientists,"Professional, Scientific, and Technical Services"
28,psid,28,-0.589591754152178,,,,40,Female,Master's Degree,Private,Single,Florida,High conscientiousness,High extraversion,Loves puzzles,Gaming,Balanced,Independent,Has children,Middle income,Rents,Tech-savvy,Photography,Direct,Moderate risk-taker,Never travels,Owns other pets,Operations and systems researchers and analysts,"Professional, Scientific, and Technical Services"
29,psid,10,1.1332915447869483,,,,41,Male,Associate's Degree,Private,Divorced,Pennsylvania,High conscientiousness,High agreeableness,Introverted,Cooking,Balanced,Libertarian,Undecided,Middle income,Owns home,Tech-savvy,Hiking,Reserved,Moderate risk-taker,Frequent traveler,No pets,Computer systems analysts and scientists,"Professional, Scientific, and Technical Services"
30,psid,27,0.04246366906767729,,,,31,Female,Bachelor's Degree,Private,Divorced,Florida,High neuroticism,High conscientiousness,Very social,Traveling,Workaholic,Republican,Planning to have children,Middle income,Owns home,Tech-savvy,Photography,Open,Risk-averse,Frequent traveler,No pets,Computer systems analysts and scientists,"Professional, Scientific, and Technical Services"
31,psid,83,-2.937050573172157,,,,40,Female,Bachelor's Degree,Private,Single,Florida,High extraversion,High neuroticism,Introverted,Reading,Laid-back,Republican,Does not have children,Middle income,Rents,Tech-savvy,Crafting,Humorous,Moderate risk-taker,Occasional traveler,Owns other pets,Computer systems analysts and scientists,"Professional, Scientific, and Technical Services"
32,psid,0,1.5205817976986054,,,,38,Female,Bachelor's Degree,Private,Divorced,California,High agreeableness,High neuroticism,Introverted,Cooking,Active,Independent,Planning to have children,Middle income,Rents,Tech-savvy,Hiking,Reserved,Moderate risk-taker,Frequent traveler,Owns other pets,Biological and life scientists,"Professional, Scientific, and Technical Services"
33,psid,31,0.7952614544195207,,,,37,Male,Associate's Degree,Private,Single,Pennsylvania,High openness,High neuroticism,Very social,Cooking,Laid-back,Independent,Does not have children,Middle income,Owns home,Tech-savvy,Crafting,Humorous,Risk-averse,Never travels,Owns a cat,Computer programmers,"Professional, Scientific, and Technical Services"
34,psid,59,1.9378375227835456,,,,36,Female,Master's Degree,Private,Married,Connecticut,High agreeableness,High neuroticism,Introverted,Playing sports,Sedentary,Democrat,Planning to have children,Middle income,Owns home,Tech-savvy,Gardening,Direct,Risk-averse,Frequent traveler,No pets,Management analysts,"Professional, Scientific, and Technical Services"
35,psid,43,-0.14502491503739257,,,,34,Male,Master's Degree,Private,Married,New Jersey,High conscientiousness,High conscientiousness,Very social,Playing sports,Sedentary,Democrat,Undecided,Middle income,Rents,Tech-savvy,Photography,Reserved,High risk-taker,Never travels,Owns other pets,Computer systems analysts and scientists,"Professional, Scientific, and Technical Services"
36,psid,48,0.4752977533802084,,,,35,Male,Bachelor's Degree,Private,Single,Canada,High neuroticism,High agreeableness,Loves puzzles,Reading,Balanced,Libertarian,Does not have children,Middle income,Rents,Tech-savvy,Hiking,Direct,Moderate risk-taker,Frequent traveler,No pets,Computer programmers,"Professional, Scientific, and Technical Services"
37,psid,32,0.8014061246461224,,,,31,Male,Bachelor's Degree,Private,Single,Florida,High conscientiousness,High neuroticism,Very social,Playing sports,Workaholic,Independent,Planning to have children,Middle income,Owns home,Tech-savvy,Playing musical instruments,Open,Moderate risk-taker,Frequent traveler,Owns a dog,Computer systems analysts and scientists,"Professional, Scientific, and Technical Services"
38,psid,32,-0.2765129221966836,,,,31,Male,Bachelor's Degree,Public,Divorced,Canada,High openness,High agreeableness,Introverted,Playing sports,Balanced,Republican,Undecided,Middle income,Rents,Tech-savvy,Photography,Reserved,High risk-taker,Occasional traveler,Owns a dog,Computer systems analysts and scientists,"Professional, Scientific, and Technical Services"
39,psid,26,-0.9806585401126515,,,,40,Male,Bachelor's Degree,Private,Divorced,Florida,High neuroticism,High agreeableness,Extremely organized,Reading,Balanced,Green,Planning to have children,Middle income,Rents,Tech-savvy,Crafting,Open,Risk-averse,Frequent traveler,Owns a cat,Computer systems analysts and scientists,"Professional, Scientific, and Technical Services"
40,psid,65,0.8453583731778246,,,,42,Male,Master's Degree,Private,Married,Pennsylvania,High neuroticism,High neuroticism,Always punctual,Reading,Laid-back,Democrat,Does not have children,Middle income,Rents,Tech-savvy,Gardening,Humorous,Moderate risk-taker,Frequent traveler,No pets,Computer programmers,"Professional, Scientific, and Technical Services"
41,psid,52,-1.3305009160653791,,,,26,Female,Bachelor's Degree,Private,Divorced,Pennsylvania,High agreeableness,High openness,Always punctual,Playing sports,Active,Democrat,Has children,Middle income,Owns home,Tech-savvy,Gardening,Humorous,Risk-averse,Occasional traveler,Owns a dog,Computer systems analysts and scientists,"Professional, Scientific, and Technical Services"
42,psid,4,0.48749863363231677,,,,37,Male,Master's Degree,Public,Divorced,Connecticut,High agreeableness,High conscientiousness,Extremely organized,Cooking,Sedentary,Libertarian,Has children,Middle income,Owns home,Tech-savvy,Hiking,Direct,Moderate risk-taker,Rare traveler,Owns a cat,Computer programmers,"Professional, Scientific, and Technical Services"
43,psid,17,-2.4633896789562573,,,,35,Male,Bachelor's Degree,Private,Married,Connecticut,High openness,High agreeableness,Extremely organized,Cooking,Laid-back,Libertarian,Has children,Middle income,Owns home,Tech-savvy,Gardening,Reserved,Moderate risk-taker,Occasional traveler,Owns other pets,Computer systems analysts and scientists,"Professional, Scientific, and Technical Services"
44,psid,52,0.6009557500201486,,,,26,Female,Bachelor's Degree,Private,Married,Pennsylvania,High openness,High conscientiousness,Introverted,Traveling,Balanced,Green,Undecided,Middle income,Rents,Tech-savvy,Hiking,Direct,Moderate risk-taker,Occasional traveler,Owns a dog,Computer systems analysts and scientists,"Professional, Scientific, and Technical Services"
45,psid,51,0.4641899528857476,,,,31,Male,Bachelor's Degree,Public,Divorced,New Jersey,High extraversion,High openness,Introverted,Playing sports,Sedentary,Green,Does not have children,Middle income,Owns home,Tech-savvy,Photography,Direct,Moderate risk-taker,Frequent traveler,Owns other pets,Computer programmers,"Professional, Scientific, and Technical Services"
46,psid,18,0.2574562544545469,,,,36,Female,Bachelor's Degree,Self-Employed,Single,Canada,High extraversion,High extraversion,Extremely organized,Gaming,Balanced,Republican,Has children,Middle income,Owns home,Tech-savvy,Hiking,Reserved,Moderate risk-taker,Rare traveler,Owns a cat,Management analysts,"Professional, Scientific, and Technical Services"
47,psid,42,-0.22558782063034055,,,,29,Male,Bachelor's Degree,Public,Married,Florida,High openness,High conscientiousness,Loves puzzles,Reading,Laid-back,Libertarian,Planning to have children,Middle income,Owns home,Tech-savvy,Gardening,Open,Moderate risk-taker,Rare traveler,Owns a cat,Computer systems analysts and scientists,"Professional, Scientific, and Technical Services"
48,psid,59,0.3386028011649179,,,,36,Female,Master's Degree,Private,Single,California,High agreeableness,High openness,Very social,Playing sports,Workaholic,Republican,Has children,Middle income,Owns home,Tech-savvy,Hiking,Direct,High risk-taker,Never travels,No pets,Management analysts,"Professional, Scientific, and Technical Services"
49,psid,23,1.4149718371931919,,,,39,Male,Bachelor's Degree,Private,Married,California,High openness,High conscientiousness,Always punctual,Reading,Sedentary,Independent,Undecided,Middle income,Rents,Tech-savvy,Gardening,Humorous,Moderate risk-taker,Frequent traveler,No pets,Computer programmers,"Professional, Scientific, and Technical Services"
50,psid,47,0.9510530230732316,,,,32,Female,Master's Degree,Private,Married,Connecticut,High neuroticism,High neuroticism,Always punctual,Playing sports,Active,Green,Undecided,Middle income,Owns home,Tech-savvy,Crafting,Open,Risk-averse,Never travels,Owns other pets,Computer programmers,"Professional, Scientific, and Technical Services"
51,psid,58,1.2664452253994423,,,,38,Male,Master's Degree,Private,Married,California,High neuroticism,High conscientiousness,Always punctual,Cooking,Workaholic,Democrat,Undecided,Middle income,Owns home,Tech-savvy,Crafting,Direct,High risk-taker,Occasional traveler,Owns other pets,Biological and life scientists,"Professional, Scientific, and Technical Services"
52,psid,0,-1.397275240429164,,,,38,Female,Bachelor's Degree,Private,Married,Connecticut,High openness,High conscientiousness,Always punctual,Cooking,Laid-back,Republican,Has children,Middle income,Rents,Tech-savvy,Playing musical instruments,Open,High risk-taker,Frequent traveler,Owns other pets,Biological and life scientists,"Professional, Scientific, and Technical Services"
53,psid,0,-1.6225241976347664,,,,38,Female,Bachelor's Degree,Private,Married,California,High conscientiousness,High extraversion,Loves puzzles,Traveling,Balanced,Libertarian,Planning to have children,Middle income,Owns home,Tech-savvy,Playing musical instruments,Diplomatic,Risk-averse,Never travels,Owns other pets,Biological and life scientists,"Professional, Scientific, and Technical Services"
54,psid,60,0.7505171496466481,,,,26,Female,Bachelor's Degree,Public,Divorced,Pennsylvania,High extraversion,High neuroticism,Introverted,Cooking,Balanced,Libertarian,Undecided,Middle income,Rents,Tech-savvy,Playing musical instruments,Reserved,High risk-taker,Rare traveler,Owns other pets,Computer systems analysts and scientists,"Professional, Scientific, and Technical Services"
55,psid,10,0.7901123690550609,,,,41,Male,Associate's Degree,Private,Single,New York,High agreeableness,High extraversion,Extremely organized,Playing sports,Workaholic,Green,Planning to have children,Middle income,Rents,Tech-savvy,Gardening,Humorous,Risk-averse,Frequent traveler,Owns a cat,Computer systems analysts and scientists,"Professional, Scientific, and Technical Services"
56,psid,64,-1.011811413310065,,,,44,Male,Master's Degree,Self-Employed,Divorced,Pennsylvania,High neuroticism,High conscientiousness,Very social,Gaming,Laid-back,Independent,Planning to have children,Middle income,Owns home,Tech-savvy,Hiking,Reserved,Risk-averse,Never travels,Owns a dog,Biological and life scientists,"Professional, Scientific, and Technical Services"
57,psid,66,-0.038188356428265846,,,,40,Male,Bachelor's Degree,Public,Married,Canada,High neuroticism,High neuroticism,Loves puzzles,Gaming,Workaholic,Green,Does not have children,Middle income,Rents,Tech-savvy,Hiking,Diplomatic,Risk-averse,Never travels,Owns a cat,Management analysts,"Professional, Scientific, and Technical Services"
58,psid,30,0.3682059729382938,,,,42,Male,Bachelor's Degree,Private,Divorced,Florida,High extraversion,High neuroticism,Loves puzzles,Traveling,Active,Green,Does not have children,Middle income,Rents,Tech-savvy,Hiking,Diplomatic,Moderate risk-taker,Never travels,Owns a dog,Computer programmers,"Professional, Scientific, and Technical Services"
59,psid,27,1.1233390285400153,,,,31,Female,Bachelor's Degree,Private,Single,California,High agreeableness,High extraversion,Very social,Cooking,Sedentary,Libertarian,Planning to have children,Middle income,Owns home,Tech-savvy,Playing musical instruments,Direct,Risk-averse,Rare traveler,No pets,Computer systems analysts and scientists,"Professional, Scientific, and Technical Services"
60,psid,8,-0.3290734904320365,,,,42,Male,Bachelor's Degree,Public,Divorced,Canada,High openness,High openness,Always punctual,Traveling,Active,Independent,Planning to have children,Middle income,Rents,Tech-savvy,Crafting,Diplomatic,Moderate risk-taker,Occasional traveler,No pets,Management analysts,"Professional, Scientific, and Technical Services"
61,psid,67,-0.5033014083721705,,,,33,Male,Bachelor's Degree,Private,Divorced,Connecticut,High openness,High extraversion,Extremely organized,Playing sports,Laid-back,Independent,Undecided,Middle income,Rents,Tech-savvy,Photography,Reserved,Moderate risk-taker,Frequent traveler,Owns other pets,Computer programmers,"Professional, Scientific, and Technical Services"
62,psid,68,-1.3472600124153822,,,,44,Male,Bachelor's Degree,Private,Divorced,New York,High neuroticism,High agreeableness,Extremely organized,Traveling,Balanced,Republican,Does not have children,Middle income,Owns home,Tech-savvy,Gardening,Direct,Moderate risk-taker,Frequent traveler,No pets,Biological and life scientists,"Professional, Scientific, and Technical Services"
63,psid,51,0.4484003497130431,,,,31,Male,Bachelor's Degree,Private,Single,New Jersey,High extraversion,High extraversion,Always punctual,Traveling,Sedentary,Libertarian,Has children,Middle income,Owns home,Tech-savvy,Gardening,Humorous,Moderate risk-taker,Occasional traveler,Owns other pets,Computer programmers,"Professional, Scientific, and Technical Services"
64,psid,4,0.5106386875089662,,,,37,Male,Master's Degree,Public,Single,Connecticut,High conscientiousness,High neuroticism,Loves puzzles,Reading,Sedentary,Independent,Has children,Middle income,Rents,Tech-savvy,Photography,Direct,Moderate risk-taker,Occasional traveler,Owns a cat,Computer programmers,"Professional, Scientific, and Technical Services"
65,psid,4,0.48031520418703016,,,,37,Male,Master's Degree,Public,Married,New York,High extraversion,High extraversion,Extremely organized,Playing sports,Laid-back,Green,Undecided,Middle income,Rents,Tech-savvy,Gardening,Humorous,High risk-taker,Occasional traveler,Owns a cat,Computer programmers,"Professional, Scientific, and Technical Services"
66,psid,65,-0.5790286019839916,,,,42,Male,Master's Degree,Private,Divorced,Pennsylvania,High extraversion,High agreeableness,Extremely organized,Playing sports,Balanced,Democrat,Has children,Middle income,Rents,Tech-savvy,Gardening,Direct,High risk-taker,Never travels,Owns other pets,Computer programmers,"Professional, Scientific, and Technical Services"
67,psid,67,0.2609874619895197,,,,33,Male,Bachelor's Degree,Public,Divorced,Canada,High openness,High conscientiousness,Very social,Traveling,Sedentary,Green,Undecided,Middle income,Owns home,Tech-savvy,Gardening,Diplomatic,Moderate risk-taker,Frequent traveler,Owns a dog,Computer programmers,"Professional, Scientific, and Technical Services"
68,psid,59,1.263567961763247,,,,36,Female,Master's Degree,Private,Single,Florida,High extraversion,High openness,Extremely organized,Playing sports,Sedentary,Republican,Undecided,Middle income,Owns home,Tech-savvy,Photography,Reserved,Risk-averse,Rare traveler,Owns a cat,Management analysts,"Professional, Scientific, and Technical Services"
69,psid,64,1.5698308604169902,,,,44,Male,Master's Degree,Private,Married,Canada,High conscientiousness,High extraversion,Very social,Cooking,Workaholic,Libertarian,Undecided,Middle income,Rents,Tech-savvy,Playing musical instruments,Humorous,Risk-averse,Rare traveler,Owns a cat,Biological and life scientists,"Professional, Scientific, and Technical Services"
70,psid,23,-0.8863915979466441,,,,39,Male,Bachelor's Degree,Private,Divorced,Canada,High neuroticism,High extraversion,Extremely organized,Cooking,Balanced,Republican,Undecided,Middle income,Rents,Tech-savvy,Crafting,Humorous,High risk-taker,Frequent traveler,Owns other pets,Computer programmers,"Professional, Scientific, and Technical Services"
71,psid,82,1.106566088704426,,,,43,Male,Master's Degree,Private,Divorced,Canada,High conscientiousness,High extraversion,Very social,Cooking,Laid-back,Republican,Does not have children,Middle income,Owns home,Tech-savvy,Crafting,Open,High risk-taker,Rare traveler,Owns a cat,Computer systems analysts and scientists,"Professional, Scientific, and Technical Services"
72,psid,31,1.4724309505556876,,,,37,Male,Associate's Degree,Private,Married,Pennsylvania,High conscientiousness,High agreeableness,Loves puzzles,Gaming,Active,Independent,Undecided,Middle income,Rents,Tech-savvy,Hiking,Diplomatic,Risk-averse,Frequent traveler,Owns a dog,Computer programmers,"Professional, Scientific, and Technical Services"
73,psid,46,-0.5579352875323971,,,,37,Female,Bachelor's Degree,Private,Married,Florida,High extraversion,High neuroticism,Introverted,Playing sports,Balanced,Independent,Planning to have children,Middle income,Rents,Tech-savvy,Gardening,Humorous,High risk-taker,Never travels,Owns a dog,Computer programmers,"Professional, Scientific, and Technical Services"
74,psid,0,-1.1513426440194048,,,,38,Female,Bachelor's Degree,Private,Divorced,Florida,High conscientiousness,High extraversion,Always punctual,Cooking,Active,Republican,Does not have children,Middle income,Rents,Tech-savvy,Crafting,Diplomatic,Risk-averse,Occasional traveler,Owns a cat,Biological and life scientists,"Professional, Scientific, and Technical Services"
75,psid,26,1.3184111894575719,,,,40,Male,Bachelor's Degree,Private,Single,Canada,High openness,High extraversion,Always punctual,Gaming,Sedentary,Independent,Undecided,Middle income,Rents,Tech-savvy,Crafting,Diplomatic,High risk-taker,Frequent traveler,Owns a dog,Computer systems analysts and scientists,"Professional, Scientific, and Technical Services"
76,psid,59,1.2925029782274364,,,,36,Female,Master's Degree,Private,Married,Florida,High neuroticism,High openness,Very social,Traveling,Active,Independent,Has children,Middle income,Rents,Tech-savvy,Playing musical instruments,Humorous,Risk-averse,Frequent traveler,Owns a dog,Management analysts,"Professional, Scientific, and Technical Services"
77,psid,24,0.6814191694497606,,,,36,Female,Master's Degree,Public,Single,Canada,High extraversion,High agreeableness,Very social,Cooking,Sedentary,Independent,Has children,Middle income,Owns home,Tech-savvy,Photography,Diplomatic,High risk-taker,Never travels,Owns other pets,Management analysts,"Professional, Scientific, and Technical Services"
78,psid,68,-0.15426443256837857,,,,44,Male,Bachelor's Degree,Private,Married,Canada,High neuroticism,High conscientiousness,Always punctual,Traveling,Laid-back,Republican,Does not have children,Middle income,Rents,Tech-savvy,Gardening,Diplomatic,High risk-taker,Never travels,No pets,Biological and life scientists,"Professional, Scientific, and Technical Services"
79,psid,36,-0.4041753813459712,,,,32,Male,Associate's Degree,Private,Married,Pennsylvania,High agreeableness,High neuroticism,Introverted,Cooking,Active,Democrat,Undecided,Middle income,Rents,Tech-savvy,Playing musical instruments,Diplomatic,Risk-averse,Frequent traveler,Owns a dog,Computer systems analysts and scientists,"Professional, Scientific, and Technical Services"
80,psid,23,-0.17662185159500826,,,,39,Male,Bachelor's Degree,Private,Divorced,Connecticut,High agreeableness,High conscientiousness,Introverted,Reading,Active,Green,Has children,Middle income,Rents,Tech-savvy,Crafting,Humorous,Moderate risk-taker,Frequent traveler,Owns a cat,Computer programmers,"Professional, Scientific, and Technical Services"
81,psid,8,0.5386068078621664,,,,42,Male,Bachelor's Degree,Private,Married,California,High neuroticism,High openness,Loves puzzles,Reading,Balanced,Republican,Undecided,Middle income,Rents,Tech-savvy,Photography,Direct,High risk-taker,Rare traveler,Owns a cat,Management analysts,"Professional, Scientific, and Technical Services"
82,psid,11,2.339577519688969,,,,38,Male,Master's Degree,Private,Single,Connecticut,High extraversion,High conscientiousness,Very social,Traveling,Active,Libertarian,Has children,Middle income,Owns home,Tech-savvy,Hiking,Open,High risk-taker,Frequent traveler,Owns other pets,Computer systems analysts and scientists,"Professional, Scientific, and Technical Services"
83,psid,8,-3.0574066340076564,,,,42,Male,Bachelor's Degree,Private,Single,California,High conscientiousness,High neuroticism,Loves puzzles,Gaming,Workaholic,Green,Undecided,Middle income,Rents,Tech-savvy,Gardening,Diplomatic,Risk-averse,Occasional traveler,Owns a cat,Management analysts,"Professional, Scientific, and Technical Services"
84,psid,83,-0.5718101955951689,,,,40,Female,Bachelor's Degree,Private,Divorced,Canada,High openness,High conscientiousness,Introverted,Cooking,Workaholic,Republican,Has children,Middle income,Rents,Tech-savvy,Photography,Open,Risk-averse,Occasional traveler,Owns a dog,Computer systems analysts and scientists,"Professional, Scientific, and Technical Services"
85,psid,7,0.9966824077184603,,,,40,Male,Master's Degree,Public,Married,New York,High conscientiousness,High openness,Loves puzzles,Reading,Workaholic,Independent,Does not have children,Middle income,Rents,Tech-savvy,Hiking,Direct,High risk-taker,Rare traveler,Owns other pets,Management analysts,"Professional, Scientific, and Technical Services"
86,psid,24,0.17389855342224653,,,,36,Female,Master's Degree,Private,Divorced,New Jersey,High neuroticism,High openness,Extremely organized,Playing sports,Sedentary,Republican,Undecided,Middle income,Owns home,Tech-savvy,Gardening,Direct,High risk-taker,Rare traveler,Owns a cat,Management analysts,"Professional, Scientific, and Technical Services"
87,psid,60,-0.3663621124522252,,,,26,Female,Bachelor's Degree,Private,Divorced,Pennsylvania,High agreeableness,High openness,Very social,Gaming,Balanced,Libertarian,Undecided,Middle income,Owns home,Tech-savvy,Playing musical instruments,Direct,High risk-taker,Frequent traveler,Owns a cat,Computer systems analysts and scientists,"Professional, Scientific, and Technical Services"
88,psid,66,0.23068787978759656,,,,40,Male,Bachelor's Degree,Private,Married,Canada,High neuroticism,High openness,Extremely organized,Playing sports,Balanced,Independent,Planning to have children,Middle income,Rents,Tech-savvy,Gardening,Direct,Risk-averse,Occasional traveler,Owns a cat,Management analysts,"Professional, Scientific, and Technical Services"
89,psid,26,-1.955634528583974,,,,40,Male,Bachelor's Degree,Private,Divorced,New York,High neuroticism,High extraversion,Loves puzzles,Gaming,Workaholic,Democrat,Undecided,Middle income,Rents,Tech-savvy,Playing musical instruments,Open,Moderate risk-taker,Never travels,Owns a cat,Computer systems analysts and scientists,"Professional, Scientific, and Technical Services"
90,psid,27,0.8721781366324894,,,,31,Female,Bachelor's Degree,Private,Single,Canada,High neuroticism,High openness,Loves puzzles,Gaming,Active,Republican,Undecided,Middle income,Rents,Tech-savvy,Photography,Diplomatic,Risk-averse,Frequent traveler,Owns a cat,Computer systems analysts and scientists,"Professional, Scientific, and Technical Services"
91,psid,36,0.4155410145622078,,,,32,Male,Associate's Degree,Private,Divorced,California,High extraversion,High agreeableness,Introverted,Reading,Laid-back,Independent,Does not have children,Middle income,Rents,Tech-savvy,Crafting,Diplomatic,Risk-averse,Never travels,Owns a cat,Computer systems analysts and scientists,"Professional, Scientific, and Technical Services"
92,psid,59,-1.2322690425461515,,,,36,Female,Master's Degree,Public,Divorced,Canada,High extraversion,High openness,Loves puzzles,Reading,Balanced,Republican,Has children,Middle income,Rents,Tech-savvy,Hiking,Diplomatic,Moderate risk-taker,Frequent traveler,Owns a dog,Management analysts,"Professional, Scientific, and Technical Services"
93,psid,42,-2.307747964729739,,,,29,Male,Bachelor's Degree,Private,Divorced,Pennsylvania,High neuroticism,High conscientiousness,Loves puzzles,Cooking,Active,Libertarian,Planning to have children,Middle income,Rents,Tech-savvy,Crafting,Open,Risk-averse,Rare traveler,No pets,Computer systems analysts and scientists,"Professional, Scientific, and Technical Services"
94,psid,27,-0.7811293749138448,,,,31,Female,Bachelor's Degree,Private,Divorced,Pennsylvania,High neuroticism,High extraversion,Loves puzzles,Playing sports,Sedentary,Democrat,Does not have children,Middle income,Rents,Tech-savvy,Crafting,Diplomatic,High risk-taker,Occasional traveler,No pets,Computer systems analysts and scientists,"Professional, Scientific, and Technical Services"
95,psid,25,1.3694507459666252,,,,39,Male,Bachelor's Degree,Private,Divorced,Canada,High openness,High openness,Introverted,Cooking,Workaholic,Independent,Does not have children,Middle income,Owns home,Tech-savvy,Crafting,Direct,Moderate risk-taker,Never travels,Owns a dog,Computer systems analysts and scientists,"Professional, Scientific, and Technical Services"
96,psid,39,0.06894643628699387,,,,37,Male,Master's Degree,Private,Single,California,High extraversion,High openness,Very social,Playing sports,Sedentary,Libertarian,Undecided,Middle income,Rents,Tech-savvy,Hiking,Reserved,Risk-averse,Rare traveler,Owns a cat,Biological and life scientists,"Professional, Scientific, and Technical Services"
97,psid,84,1.4366603771053978,,,,42,Male,Associate's Degree,Public,Married,Pennsylvania,High conscientiousness,High agreeableness,Very social,Cooking,Balanced,Independent,Planning to have children,Middle income,Rents,Tech-savvy,Photography,Diplomatic,High risk-taker,Occasional traveler,No pets,Computer systems analysts and scientists,"Professional, Scientific, and Technical Services"
98,psid,10,0.035124372122510156,,,,41,Male,Associate's Degree,Private,Divorced,Connecticut,High openness,High openness,Very social,Reading,Balanced,Independent,Planning to have children,Middle income,Rents,Tech-savvy,Gardening,Humorous,Risk-averse,Frequent traveler,Owns a cat,Computer systems analysts and scientists,"Professional, Scientific, and Technical Services"
99,psid,67,1.3825902096066907,,,,33,Male,Bachelor's Degree,Self-Employed,Married,California,High openness,High neuroticism,Loves puzzles,Reading,Sedentary,Democrat,Planning to have children,Middle income,Rents,Tech-savvy,Gardening,Open,Risk-averse,Rare traveler,Owns a cat,Computer programmers,"Professional, Scientific, and Technical Services"
100,psid,59,0.7022351320012177,,,,36,Female,Master's Degree,Private,Single,Florida,High conscientiousness,High neuroticism,Extremely organized,Cooking,Workaholic,Independent,Planning to have children,Middle income,Owns home,Tech-savvy,Gardening,Humorous,Moderate risk-taker,Never travels,No pets,Management analysts,"Professional, Scientific, and Technical Services"
101,psid,0,-0.8602598184349692,,,,38,Female,Bachelor's Degree,Private,Divorced,New York,High neuroticism,High conscientiousness,Very social,Reading,Workaholic,Independent,Planning to have children,Middle income,Owns home,Tech-savvy,Gardening,Reserved,Risk-averse,Occasional traveler,Owns other pets,Biological and life scientists,"Professional, Scientific, and Technical Services"
102,psid,51,0.6167608394323565,,,,31,Male,Bachelor's Degree,Private,Divorced,California,High openness,High extraversion,Loves puzzles,Traveling,Sedentary,Democrat,Undecided,Middle income,Owns home,Tech-savvy,Photography,Reserved,Moderate risk-taker,Occasional traveler,Owns a dog,Computer programmers,"Professional, Scientific, and Technical Services"
103,psid,10,-0.2574376766247237,,,,41,Male,Associate's Degree,Private,Divorced,New York,High extraversion,High conscientiousness,Always punctual,Cooking,Balanced,Libertarian,Does not have children,Middle income,Rents,Tech-savvy,Gardening,Direct,Risk-averse,Rare traveler,Owns a dog,Computer systems analysts and scientists,"Professional, Scientific, and Technical Services"
104,psid,50,1.7155126826209606,,,,42,Male,Master's Degree,Private,Single,New Jersey,High agreeableness,High extraversion,Loves puzzles,Cooking,Sedentary,Green,Has children,Middle income,Rents,Tech-savvy,Photography,Reserved,Risk-averse,Frequent traveler,Owns a dog,Computer programmers,"Professional, Scientific, and Technical Services"
105,psid,0,0.18374023377354598,,,,38,Female,Bachelor's Degree,Private,Single,New Jersey,High extraversion,High conscientiousness,Very social,Reading,Balanced,Democrat,Has children,Middle income,Rents,Tech-savvy,Hiking,Humorous,High risk-taker,Frequent traveler,Owns a cat,Biological and life scientists,"Professional, Scientific, and Technical Services"
106,psid,60,0.27420563205385173,,,,26,Female,Bachelor's Degree,Private,Divorced,California,High conscientiousness,High neuroticism,Introverted,Cooking,Active,Democrat,Has children,Middle income,Rents,Tech-savvy,Crafting,Reserved,Risk-averse,Never travels,No pets,Computer systems analysts and scientists,"Professional, Scientific, and Technical Services"
107,psid,58,2.251293062946302,,,,38,Male,Master's Degree,Private,Married,Canada,High agreeableness,High conscientiousness,Introverted,Reading,Balanced,Democrat,Does not have children,Middle income,Owns home,Tech-savvy,Crafting,Open,High risk-taker,Never travels,Owns other pets,Biological and life scientists,"Professional, Scientific, and Technical Services"
108,psid,84,-1.0063704413489643,,,,42,Male,Associate's Degree,Private,Single,Pennsylvania,High agreeableness,High extraversion,Introverted,Cooking,Balanced,Green,Undecided,Middle income,Rents,Tech-savvy,Hiking,Open,Risk-averse,Occasional traveler,Owns a dog,Computer systems analysts and scientists,"Professional, Scientific, and Technical Services"
109,psid,48,0.009490113036738995,,,,35,Male,Bachelor's Degree,Private,Married,Connecticut,High conscientiousness,High neuroticism,Extremely organized,Playing sports,Active,Independent,Does not have children,Middle income,Rents,Tech-savvy,Crafting,Open,High risk-taker,Occasional traveler,Owns a dog,Computer programmers,"Professional, Scientific, and Technical Services"
110,psid,7,-0.6913346854462117,,,,40,Male,Master's Degree,Public,Married,California,High neuroticism,High openness,Very social,Cooking,Balanced,Independent,Has children,Middle income,Rents,Tech-savvy,Photography,Reserved,Moderate risk-taker,Frequent traveler,Owns a dog,Management analysts,"Professional, Scientific, and Technical Services"
111,psid,58,0.9063390371884217,,,,38,Male,Master's Degree,Private,Single,California,High agreeableness,High conscientiousness,Always punctual,Cooking,Balanced,Libertarian,Planning to have children,Middle income,Rents,Tech-savvy,Gardening,Open,High risk-taker,Occasional traveler,Owns a dog,Biological and life scientists,"Professional, Scientific, and Technical Services"
112,psid,68,-0.1654803310400626,,,,44,Male,Bachelor's Degree,Private,Single,California,High extraversion,High extraversion,Very social,Playing sports,Sedentary,Democrat,Planning to have children,Middle income,Owns home,Tech-savvy,Gardening,Humorous,High risk-taker,Rare traveler,Owns other pets,Biological and life scientists,"Professional, Scientific, and Technical Services"
113,psid,25,0.4504443280113944,,,,39,Male,Bachelor's Degree,Private,Married,Pennsylvania,High agreeableness,High openness,Always punctual,Playing sports,Workaholic,Independent,Undecided,Middle income,Rents,Tech-savvy,Gardening,Humorous,High risk-taker,Rare traveler,Owns a dog,Computer systems analysts and scientists,"Professional, Scientific, and Technical Services"
114,psid,84,1.687331551375436,,,,42,Male,Associate's Degree,Public,Divorced,Canada,High neuroticism,High extraversion,Loves puzzles,Playing sports,Balanced,Republican,Does not have children,Middle income,Owns home,Tech-savvy,Playing musical instruments,Humorous,Risk-averse,Rare traveler,Owns a dog,Computer systems analysts and scientists,"Professional, Scientific, and Technical Services"
115,psid,65,0.9459708901866857,,,,42,Male,Master's Degree,Public,Single,Pennsylvania,High extraversion,High openness,Always punctual,Gaming,Balanced,Green,Planning to have children,Middle income,Rents,Tech-savvy,Playing musical instruments,Diplomatic,High risk-taker,Never travels,Owns a dog,Computer programmers,"Professional, Scientific, and Technical Services"
116,psid,39,1.7333210620569304,,,,37,Male,Master's Degree,Private,Married,Connecticut,High openness,High neuroticism,Very social,Gaming,Laid-back,Libertarian,Has children,Middle income,Owns home,Tech-savvy,Gardening,Direct,Risk-averse,Rare traveler,Owns a dog,Biological and life scientists,"Professional, Scientific, and Technical Services"
117,psid,17,1.571695946761276,,,,35,Male,Bachelor's Degree,Private,Married,Pennsylvania,High conscientiousness,High extraversion,Loves puzzles,Traveling,Workaholic,Libertarian,Does not have children,Middle income,Owns home,Tech-savvy,Photography,Open,High risk-taker,Never travels,No pets,Computer systems analysts and scientists,"Professional, Scientific, and Technical Services"
118,psid,0,1.315811429712235,,,,38,Female,Bachelor's Degree,Private,Single,Canada,High openness,High agreeableness,Very social,Reading,Workaholic,Green,Has children,Middle income,Owns home,Tech-savvy,Playing musical instruments,Humorous,High risk-taker,Occasional traveler,Owns other pets,Biological and life scientists,"Professional, Scientific, and Technical Services"
119,psid,18,0.5213444288985638,,,,36,Female,Bachelor's Degree,Private,Single,Connecticut,High openness,High neuroticism,Extremely organized,Gaming,Workaholic,Green,Planning to have children,Middle income,Rents,Tech-savvy,Gardening,Open,High risk-taker,Rare traveler,Owns a cat,Management analysts,"Professional, Scientific, and Technical Services"
120,psid,69,-0.23725947646035517,,,,34,Male,Bachelor's Degree,Private,Single,New Jersey,High neuroticism,High openness,Very social,Cooking,Sedentary,Republican,Undecided,Middle income,Owns home,Tech-savvy,Playing musical instruments,Direct,Moderate risk-taker,Rare traveler,Owns other pets,Computer systems analysts and scientists,"Professional, Scientific, and Technical Services"
121,psid,42,1.5131726426731942,,,,29,Male,Bachelor's Degree,Public,Single,Connecticut,High agreeableness,High agreeableness,Always punctual,Reading,Sedentary,Democrat,Has children,Middle income,Rents,Tech-savvy,Playing musical instruments,Humorous,Moderate risk-taker,Never travels,No pets,Computer systems analysts and scientists,"Professional, Scientific, and Technical Services"
122,psid,5,0.8189102581650836,,,,26,Male,Bachelor's Degree,Private,Married,Connecticut,High conscientiousness,High openness,Extremely organized,Playing sports,Laid-back,Republican,Does not have children,Middle income,Rents,Tech-savvy,Gardening,Direct,Risk-averse,Occasional traveler,Owns other pets,Computer programmers,"Professional, Scientific, and Technical Services"
123,psid,58,1.7879742006553485,,,,38,Male,Master's Degree,Private,Divorced,Connecticut,High conscientiousness,High agreeableness,Extremely organized,Gaming,Workaholic,Green,Planning to have children,Middle income,Rents,Tech-savvy,Crafting,Humorous,High risk-taker,Frequent traveler,No pets,Biological and life scientists,"Professional, Scientific, and Technical Services"
124,psid,59,-0.06815997181176858,,,,36,Female,Master's Degree,Private,Single,New York,High openness,High agreeableness,Always punctual,Gaming,Balanced,Republican,Has children,Middle income,Owns home,Tech-savvy,Playing musical instruments,Direct,Moderate risk-taker,Rare traveler,Owns a dog,Management analysts,"Professional, Scientific, and Technical Services"
125,psid,50,2.723359431510357,,,,42,Male,Master's Degree,Private,Divorced,Florida,High agreeableness,High agreeableness,Loves puzzles,Cooking,Balanced,Democrat,Does not have children,Middle income,Rents,Tech-savvy,Playing musical instruments,Reserved,High risk-taker,Frequent traveler,Owns other pets,Computer programmers,"Professional, Scientific, and Technical Services"
126,psid,7,1.4289872413058373,,,,40,Male,Master's Degree,Public,Divorced,New Jersey,High extraversion,High neuroticism,Introverted,Playing sports,Workaholic,Libertarian,Does not have children,Middle income,Owns home,Tech-savvy,Playing musical instruments,Reserved,Moderate risk-taker,Never travels,Owns a cat,Management analysts,"Professional, Scientific, and Technical Services"
127,psid,31,-0.09768597301547977,,,,37,Male,Associate's Degree,Private,Single,Pennsylvania,High neuroticism,High neuroticism,Loves puzzles,Cooking,Workaholic,Republican,Planning to have children,Middle income,Rents,Tech-savvy,Playing musical instruments,Humorous,Risk-averse,Rare traveler,Owns a cat,Computer programmers,"Professional, Scientific, and Technical Services"
128,psid,82,0.04629886750068779,,,,43,Male,Master's Degree,Private,Married,New Jersey,High conscientiousness,High extraversion,Extremely organized,Cooking,Active,Independent,Planning to have children,Middle income,Rents,Tech-savvy,Gardening,Humorous,Moderate risk-taker,Rare traveler,Owns other pets,Computer systems analysts and scientists,"Professional, Scientific, and Technical Services"
129,psid,59,-0.1452629239728075,,,,36,Female,Master's Degree,Public,Married,California,High neuroticism,High extraversion,Always punctual,Gaming,Workaholic,Democrat,Undecided,Middle income,Owns home,Tech-savvy,Hiking,Humorous,Moderate risk-taker,Frequent traveler,Owns a dog,Management analysts,"Professional, Scientific, and Technical Services"
130,psid,36,0.9656720011247238,,,,32,Male,Associate's Degree,Public,Single,Canada,High openness,High openness,Extremely organized,Reading,Laid-back,Democrat,Undecided,Middle income,Owns home,Tech-savvy,Playing musical instruments,Diplomatic,High risk-taker,Never travels,Owns a dog,Computer systems analysts and scientists,"Professional, Scientific, and Technical Services"
131,psid,30,-0.4780806335780486,,,,42,Male,Bachelor's Degree,Private,Married,Pennsylvania,High agreeableness,High openness,Very social,Cooking,Sedentary,Libertarian,Has children,Middle income,Rents,Tech-savvy,Crafting,Diplomatic,Moderate risk-taker,Occasional traveler,Owns a dog,Computer programmers,"Professional, Scientific, and Technical Services"
132,psid,46,0.3074026803291228,,,,37,Female,Bachelor's Degree,Private,Single,California,High agreeableness,High conscientiousness,Loves puzzles,Traveling,Workaholic,Independent,Has children,Middle income,Rents,Tech-savvy,Gardening,Diplomatic,Risk-averse,Occasional traveler,Owns other pets,Computer programmers,"Professional, Scientific, and Technical Services"
133,psid,26,1.7017438431434042,,,,40,Male,Bachelor's Degree,Private,Married,Canada,High conscientiousness,High agreeableness,Introverted,Cooking,Laid-back,Libertarian,Planning to have children,Middle income,Rents,Tech-savvy,Gardening,Reserved,Risk-averse,Frequent traveler,Owns other pets,Computer systems analysts and scientists,"Professional, Scientific, and Technical Services"
134,psid,67,1.4593598732351396,,,,33,Male,Bachelor's Degree,Private,Single,California,High openness,High agreeableness,Loves puzzles,Reading,Workaholic,Independent,Planning to have children,Middle income,Rents,Tech-savvy,Photography,Humorous,Risk-averse,Frequent traveler,Owns a dog,Computer programmers,"Professional, Scientific, and Technical Services"
135,psid,4,1.5417846763865637,,,,37,Male,Master's Degree,Private,Single,New York,High agreeableness,High conscientiousness,Loves puzzles,Gaming,Laid-back,Democrat,Planning to have children,Middle income,Rents,Tech-savvy,Crafting,Open,Risk-averse,Frequent traveler,Owns a cat,Computer programmers,"Professional, Scientific, and Technical Services"
136,psid,60,-0.915805288936868,,,,26,Female,Bachelor's Degree,Private,Divorced,New Jersey,High openness,High conscientiousness,Loves puzzles,Cooking,Laid-back,Libertarian,Has children,Middle income,Rents,Tech-savvy,Gardening,Open,High risk-taker,Never travels,Owns a cat,Computer systems analysts and scientists,"Professional, Scientific, and Technical Services"
137,psid,18,-0.8251278529596902,,,,36,Female,Bachelor's Degree,Private,Married,Florida,High conscientiousness,High conscientiousness,Very social,Cooking,Sedentary,Democrat,Planning to have children,Middle income,Owns home,Tech-savvy,Gardening,Open,Risk-averse,Frequent traveler,Owns a cat,Management analysts,"Professional, Scientific, and Technical Services"
138,psid,41,0.7567730554412757,,,,33,Male,Master's Degree,Private,Divorced,Connecticut,High conscientiousness,High agreeableness,Introverted,Reading,Sedentary,Libertarian,Planning to have children,Middle income,Rents,Tech-savvy,Playing musical instruments,Open,Moderate risk-taker,Occasional traveler,Owns a dog,Computer systems analysts and scientists,"Professional, Scientific, and Technical Services"
139,psid,69,1.063179405493822,,,,34,Male,Bachelor's Degree,Private,Married,Canada,High conscientiousness,High extraversion,Loves puzzles,Gaming,Sedentary,Republican,Does not have children,Middle income,Owns home,Tech-savvy,Playing musical instruments,Reserved,High risk-taker,Frequent traveler,Owns a dog,Computer systems analysts and scientists,"Professional, Scientific, and Technical Services"
140,psid,66,0.01304992606707761,,,,40,Male,Bachelor's Degree,Private,Divorced,Pennsylvania,High agreeableness,High extraversion,Introverted,Gaming,Active,Republican,Does not have children,Middle income,Owns home,Tech-savvy,Gardening,Diplomatic,High risk-taker,Frequent traveler,No pets,Management analysts,"Professional, Scientific, and Technical Services"
141,psid,23,0.2013340304978119,,,,39,Male,Bachelor's Degree,Private,Married,New York,High openness,High extraversion,Loves puzzles,Traveling,Workaholic,Green,Undecided,Middle income,Owns home,Tech-savvy,Crafting,Diplomatic,High risk-taker,Frequent traveler,Owns a dog,Computer programmers,"Professional, Scientific, and Technical Services"
142,psid,5,-0.1068397576171371,,,,26,Male,Bachelor's Degree,Private,Divorced,New Jersey,High openness,High agreeableness,Loves puzzles,Playing sports,Sedentary,Green,Has children,Middle income,Owns home,Tech-savvy,Crafting,Humorous,High risk-taker,Never travels,Owns a cat,Computer programmers,"Professional, Scientific, and Technical Services"
143,psid,28,1.3451326976669167,,,,40,Female,Master's Degree,Private,Single,Canada,High conscientiousness,High neuroticism,Extremely organized,Playing sports,Laid-back,Independent,Has children,Middle income,Owns home,Tech-savvy,Crafting,Reserved,Risk-averse,Never travels,Owns a dog,Operations and systems researchers and analysts,"Professional, Scientific, and Technical Services"
144,psid,52,0.21008919346746407,,,,26,Female,Bachelor's Degree,Private,Single,Canada,High openness,High neuroticism,Very social,Cooking,Workaholic,Republican,Planning to have children,Middle income,Rents,Tech-savvy,Gardening,Direct,Moderate risk-taker,Never travels,Owns other pets,Computer systems analysts and scientists,"Professional, Scientific, and Technical Services"
145,psid,0,0.041300208356561396,,,,38,Female,Bachelor's Degree,Private,Married,Connecticut,High conscientiousness,High openness,Loves puzzles,Gaming,Laid-back,Libertarian,Does not have children,Middle income,Owns home,Tech-savvy,Gardening,Open,Risk-averse,Never travels,No pets,Biological and life scientists,"Professional, Scientific, and Technical Services"
146,psid,64,0.19013089737817723,,,,44,Male,Master's Degree,Private,Divorced,New York,High extraversion,High extraversion,Very social,Traveling,Laid-back,Republican,Has children,Middle income,Rents,Tech-savvy,Photography,Diplomatic,High risk-taker,Never travels,Owns a cat,Biological and life scientists,"Professional, Scientific, and Technical Services"
147,psid,32,0.8476283941656639,,,,31,Male,Bachelor's Degree,Private,Divorced,Pennsylvania,High neuroticism,High conscientiousness,Introverted,Reading,Balanced,Democrat,Has children,Middle income,Owns home,Tech-savvy,Crafting,Direct,High risk-taker,Rare traveler,Owns a cat,Computer systems analysts and scientists,"Professional, Scientific, and Technical Services"
148,psid,82,0.6048734938934187,,,,43,Male,Master's Degree,Private,Single,New Jersey,High openness,High neuroticism,Always punctual,Traveling,Sedentary,Democrat,Undecided,Middle income,Rents,Tech-savvy,Photography,Reserved,Moderate risk-taker,Occasional traveler,No pets,Computer systems analysts and scientists,"Professional, Scientific, and Technical Services"
149,psid,68,1.2268165525456087,,,,44,Male,Bachelor's Degree,Private,Married,Connecticut,High openness,High agreeableness,Introverted,Reading,Laid-back,Libertarian,Does not have children,Middle income,Rents,Tech-savvy,Crafting,Open,Moderate risk-taker,Rare traveler,Owns a cat,Biological and life scientists,"Professional, Scientific, and Technical Services"
150,psid,66,-0.6899237585001545,,,,40,Male,Bachelor's Degree,Private,Single,Pennsylvania,High agreeableness,High agreeableness,Very social,Reading,Balanced,Independent,Does not have children,Middle income,Owns home,Tech-savvy,Hiking,Open,High risk-taker,Rare traveler,No pets,Management analysts,"Professional, Scientific, and Technical Services"
151,psid,25,1.7928602637403253,,,,39,Male,Bachelor's Degree,Private,Single,New Jersey,High conscientiousness,High agreeableness,Extremely organized,Playing sports,Laid-back,Libertarian,Planning to have children,Middle income,Rents,Tech-savvy,Photography,Direct,High risk-taker,Occasional traveler,Owns a dog,Computer systems analysts and scientists,"Professional, Scientific, and Technical Services"
152,psid,50,-0.12258061602619474,,,,42,Male,Master's Degree,Private,Divorced,Pennsylvania,High openness,High openness,Introverted,Playing sports,Workaholic,Libertarian,Does not have children,Middle income,Owns home,Tech-savvy,Crafting,Reserved,High risk-taker,Rare traveler,No pets,Computer programmers,"Professional, Scientific, and Technical Services"
153,psid,43,-0.79272923822197,,,,34,Male,Master's Degree,Private,Single,New York,High agreeableness,High neuroticism,Always punctual,Cooking,Sedentary,Independent,Does not have children,Middle income,Rents,Tech-savvy,Gardening,Direct,High risk-taker,Rare traveler,Owns a cat,Computer systems analysts and scientists,"Professional, Scientific, and Technical Services"
154,psid,5,0.7366533954715082,,,,26,Male,Bachelor's Degree,Public,Married,Florida,High neuroticism,High extraversion,Very social,Playing sports,Laid-back,Independent,Undecided,Middle income,Rents,Tech-savvy,Gardening,Open,High risk-taker,Frequent traveler,No pets,Computer programmers,"Professional, Scientific, and Technical Services"
155,psid,7,2.055067068369751,,,,40,Male,Master's Degree,Public,Married,Pennsylvania,High agreeableness,High extraversion,Very social,Traveling,Laid-back,Republican,Undecided,Middle income,Rents,Tech-savvy,Gardening,Diplomatic,Moderate risk-taker,Rare traveler,Owns a dog,Management analysts,"Professional, Scientific, and Technical Services"
156,psid,50,0.695521384256778,,,,42,Male,Master's Degree,Private,Married,Canada,High openness,High agreeableness,Loves puzzles,Traveling,Sedentary,Democrat,Has children,Middle income,Owns home,Tech-savvy,Crafting,Humorous,Risk-averse,Never travels,Owns a dog,Computer programmers,"Professional, Scientific, and Technical Services"
157,psid,58,-0.5324579137788643,,,,38,Male,Master's Degree,Public,Single,New York,High openness,High openness,Introverted,Cooking,Active,Libertarian,Planning to have children,Middle income,Owns home,Tech-savvy,Photography,Reserved,High risk-taker,Never travels,No pets,Biological and life scientists,"Professional, Scientific, and Technical Services"
158,psid,69,2.8072636001195073,,,,34,Male,Bachelor's Degree,Public,Single,New Jersey,High openness,High extraversion,Loves puzzles,Reading,Balanced,Democrat,Does not have children,Middle income,Owns home,Tech-savvy,Photography,Open,High risk-taker,Rare traveler,Owns a cat,Computer systems analysts and scientists,"Professional, Scientific, and Technical Services"
159,psid,25,0.18685424001488565,,,,39,Male,Bachelor's Degree,Private,Single,New York,High agreeableness,High neuroticism,Introverted,Reading,Workaholic,Republican,Has children,Middle income,Owns home,Tech-savvy,Photography,Direct,Moderate risk-taker,Frequent traveler,Owns other pets,Computer systems analysts and scientists,"Professional, Scientific, and Technical Services"
160,psid,84,0.25063226463485194,,,,42,Male,Associate's Degree,Private,Single,Pennsylvania,High extraversion,High openness,Always punctual,Gaming,Active,Green,Does not have children,Middle income,Owns home,Tech-savvy,Crafting,Direct,Risk-averse,Never travels,Owns other pets,Computer systems analysts and scientists,"Professional, Scientific, and Technical Services"
161,psid,66,0.654439823312755,,,,40,Male,Bachelor's Degree,Private,Married,Canada,High neuroticism,High openness,Extremely organized,Cooking,Sedentary,Libertarian,Undecided,Middle income,Owns home,Tech-savvy,Playing musical instruments,Direct,Risk-averse,Never travels,Owns a dog,Management analysts,"Professional, Scientific, and Technical Services"
162,psid,16,-2.0747907038263085,,,,32,Male,Bachelor's Degree,Public,Divorced,Florida,High extraversion,High neuroticism,Loves puzzles,Cooking,Active,Libertarian,Does not have children,Middle income,Owns home,Tech-savvy,Playing musical instruments,Open,High risk-taker,Occasional traveler,Owns other pets,Computer programmers,"Professional, Scientific, and Technical Services"
163,psid,32,1.600927341483693,,,,31,Male,Bachelor's Degree,Private,Married,Florida,High openness,High neuroticism,Always punctual,Cooking,Active,Democrat,Has children,Middle income,Rents,Tech-savvy,Crafting,Diplomatic,High risk-taker,Rare traveler,No pets,Computer systems analysts and scientists,"Professional, Scientific, and Technical Services"
164,psid,51,1.1799296479926393,,,,31,Male,Bachelor's Degree,Public,Single,New York,High neuroticism,High neuroticism,Always punctual,Gaming,Laid-back,Green,Planning to have children,Middle income,Rents,Tech-savvy,Photography,Diplomatic,Moderate risk-taker,Frequent traveler,Owns other pets,Computer programmers,"Professional, Scientific, and Technical Services"
165,psid,16,0.667827506454912,,,,32,Male,Bachelor's Degree,Private,Single,Florida,High openness,High agreeableness,Introverted,Traveling,Balanced,Republican,Has children,Middle income,Rents,Tech-savvy,Crafting,Diplomatic,High risk-taker,Never travels,Owns a dog,Computer programmers,"Professional, Scientific, and Technical Services"
166,psid,45,-0.49955808227878346,,,,44,Male,Bachelor's Degree,Private,Divorced,Florida,High neuroticism,High conscientiousness,Extremely organized,Gaming,Workaholic,Libertarian,Planning to have children,Middle income,Rents,Tech-savvy,Hiking,Open,Risk-averse,Frequent traveler,Owns a dog,Computer systems analysts and scientists,"Professional, Scientific, and Technical Services"
167,psid,5,0.28876473409557185,,,,26,Male,Bachelor's Degree,Private,Married,Pennsylvania,High agreeableness,High openness,Introverted,Traveling,Laid-back,Republican,Undecided,Middle income,Rents,Tech-savvy,Photography,Direct,Risk-averse,Frequent traveler,Owns a dog,Computer programmers,"Professional, Scientific, and Technical Services"
168,psid,7,1.8736324306799217,,,,40,Male,Master's Degree,Private,Married,Canada,High extraversion,High conscientiousness,Loves puzzles,Cooking,Laid-back,Democrat,Has children,Middle income,Rents,Tech-savvy,Hiking,Humorous,High risk-taker,Never travels,Owns other pets,Management analysts,"Professional, Scientific, and Technical Services"
169,psid,71,0.4584081061296843,,,,40,Male,Bachelor's Degree,Public,Single,New York,High openness,High extraversion,Loves puzzles,Reading,Laid-back,Independent,Has children,Middle income,Rents,Tech-savvy,Gardening,Direct,Moderate risk-taker,Frequent traveler,Owns a cat,Computer systems analysts and scientists,"Professional, Scientific, and Technical Services"
170,psid,26,-0.3675661345102515,,,,40,Male,Bachelor's Degree,Private,Married,California,High agreeableness,High agreeableness,Very social,Reading,Active,Libertarian,Planning to have children,Middle income,Owns home,Tech-savvy,Hiking,Humorous,Risk-averse,Occasional traveler,Owns a cat,Computer systems analysts and scientists,"Professional, Scientific, and Technical Services"
171,psid,52,-1.0144502332633794,,,,26,Female,Bachelor's Degree,Private,Married,Canada,High agreeableness,High neuroticism,Loves puzzles,Traveling,Active,Libertarian,Has children,Middle income,Rents,Tech-savvy,Hiking,Humorous,Risk-averse,Rare traveler,Owns a dog,Computer systems analysts and scientists,"Professional, Scientific, and Technical Services"
172,psid,8,-1.3411919107078893,,,,42,Male,Bachelor's Degree,Self-Employed,Married,California,High agreeableness,High conscientiousness,Introverted,Reading,Workaholic,Independent,Does not have children,Middle income,Rents,Tech-savvy,Photography,Diplomatic,Moderate risk-taker,Rare traveler,No pets,Management analysts,"Professional, Scientific, and Technical Services"
173,psid,7,0.14835259936830547,,,,40,Male,Master's Degree,Private,Divorced,Pennsylvania,High openness,High neuroticism,Introverted,Cooking,Balanced,Libertarian,Does not have children,Middle income,Rents,Tech-savvy,Gardening,Humorous,Risk-averse,Occasional traveler,Owns other pets,Management analysts,"Professional, Scientific, and Technical Services"
174,psid,81,1.1127233075194918,,,,37,Female,Bachelor's Degree,Private,Single,Florida,High conscientiousness,High extraversion,Very social,Cooking,Sedentary,Republican,Undecided,Middle income,Owns home,Tech-savvy,Crafting,Diplomatic,Risk-averse,Frequent traveler,No pets,Computer systems analysts and scientists,"Professional, Scientific, and Technical Services"
175,psid,23,-0.4240381040666847,,,,39,Male,Bachelor's Degree,Private,Married,New York,High conscientiousness,High neuroticism,Very social,Gaming,Sedentary,Republican,Undecided,Middle income,Rents,Tech-savvy,Gardening,Direct,Moderate risk-taker,Occasional traveler,Owns other pets,Computer programmers,"Professional, Scientific, and Technical Services"
176,psid,41,1.0737374002485498,,,,33,Male,Master's Degree,Self-Employed,Married,Florida,High extraversion,High conscientiousness,Always punctual,Reading,Sedentary,Libertarian,Undecided,Middle income,Owns home,Tech-savvy,Gardening,Reserved,High risk-taker,Never travels,Owns a cat,Computer systems analysts and scientists,"Professional, Scientific, and Technical Services"
177,psid,25,-1.3040184047787973,,,,39,Male,Bachelor's Degree,Private,Single,New Jersey,High agreeableness,High extraversion,Loves puzzles,Playing sports,Laid-back,Democrat,Undecided,Middle income,Rents,Tech-savvy,Playing musical instruments,Diplomatic,Moderate risk-taker,Never travels,Owns a dog,Computer systems analysts and scientists,"Professional, Scientific, and Technical Services"
178,psid,81,-0.2549544205297614,,,,37,Female,Bachelor's Degree,Public,Divorced,Canada,High extraversion,High agreeableness,Introverted,Gaming,Active,Independent,Does not have children,Middle income,Rents,Tech-savvy,Photography,Direct,Moderate risk-taker,Rare traveler,Owns a cat,Computer systems analysts and scientists,"Professional, Scientific, and Technical Services"
179,psid,23,-0.18359087786948164,,,,39,Male,Bachelor's Degree,Public,Divorced,New York,High agreeableness,High agreeableness,Introverted,Traveling,Workaholic,Independent,Has children,Middle income,Rents,Tech-savvy,Crafting,Diplomatic,High risk-taker,Never travels,No pets,Computer programmers,"Professional, Scientific, and Technical Services"
180,psid,28,0.1932216654294449,,,,40,Female,Master's Degree,Public,Single,Florida,High agreeableness,High neuroticism,Extremely organized,Playing sports,Laid-back,Republican,Planning to have children,Middle income,Rents,Tech-savvy,Hiking,Direct,Risk-averse,Occasional traveler,Owns a cat,Operations and systems researchers and analysts,"Professional, Scientific, and Technical Services"
181,psid,43,1.0945263886370211,,,,34,Male,Master's Degree,Public,Divorced,New Jersey,High conscientiousness,High agreeableness,Loves puzzles,Traveling,Sedentary,Independent,Has children,Middle income,Rents,Tech-savvy,Hiking,Direct,Risk-averse,Never travels,Owns a cat,Computer systems analysts and scientists,"Professional, Scientific, and Technical Services"
182,psid,48,0.19905957366699947,,,,35,Male,Bachelor's Degree,Private,Divorced,Canada,High extraversion,High extraversion,Introverted,Cooking,Active,Green,Undecided,Middle income,Rents,Tech-savvy,Playing musical instruments,Open,Risk-averse,Never travels,Owns other pets,Computer programmers,"Professional, Scientific, and Technical Services"
183,psid,39,-0.16546508141103722,,,,37,Male,Master's Degree,Public,Divorced,New Jersey,High agreeableness,High conscientiousness,Introverted,Gaming,Sedentary,Libertarian,Undecided,Middle income,Rents,Tech-savvy,Crafting,Diplomatic,Risk-averse,Rare traveler,Owns a cat,Biological and life scientists,"Professional, Scientific, and Technical Services"
184,psid,82,0.8358302041572211,,,,43,Male,Master's Degree,Private,Divorced,New Jersey,High neuroticism,High openness,Extremely organized,Playing sports,Balanced,Green,Does not have children,Middle income,Owns home,Tech-savvy,Crafting,Reserved,Risk-averse,Never travels,Owns other pets,Computer systems analysts and scientists,"Professional, Scientific, and Technical Services"
185,psid,44,1.117889435197205,,,,29,Male,Bachelor's Degree,Self-Employed,Single,Pennsylvania,High openness,High conscientiousness,Extremely organized,Playing sports,Laid-back,Republican,Planning to have children,Middle income,Rents,Tech-savvy,Gardening,Direct,Moderate risk-taker,Rare traveler,Owns a dog,Computer programmers,"Professional, Scientific, and Technical Services"
186,psid,28,-1.9780142548578725,,,,40,Female,Master's Degree,Public,Married,New York,High agreeableness,High conscientiousness,Very social,Gaming,Active,Republican,Has children,Middle income,Owns home,Tech-savvy,Crafting,Open,Risk-averse,Rare traveler,No pets,Operations and systems researchers and analysts,"Professional, Scientific, and Technical Services"
187,psid,32,-0.9580962488255036,,,,31,Male,Bachelor's Degree,Private,Married,Florida,High neuroticism,High conscientiousness,Loves puzzles,Gaming,Laid-back,Democrat,Planning to have children,Middle income,Owns home,Tech-savvy,Crafting,Direct,High risk-taker,Rare traveler,No pets,Computer systems analysts and scientists,"Professional, Scientific, and Technical Services"
188,psid,55,-0.39582451410237923,,,,31,Male,Bachelor's Degree,Public,Married,Canada,High conscientiousness,High neuroticism,Loves puzzles,Playing sports,Sedentary,Libertarian,Planning to have children,Middle income,Owns home,Tech-savvy,Crafting,Reserved,Moderate risk-taker,Occasional traveler,Owns other pets,Computer systems analysts and scientists,"Professional, Scientific, and Technical Services"
189,psid,66,-1.8486372221460068,,,,40,Male,Bachelor's Degree,Public,Single,Connecticut,High agreeableness,High agreeableness,Introverted,Playing sports,Balanced,Green,Has children,Middle income,Rents,Tech-savvy,Gardening,Reserved,Moderate risk-taker,Occasional traveler,Owns other pets,Management analysts,"Professional, Scientific, and Technical Services"
190,psid,52,0.9951862786288281,,,,26,Female,Bachelor's Degree,Private,Divorced,New York,High extraversion,High extraversion,Very social,Traveling,Active,Independent,Planning to have children,Middle income,Owns home,Tech-savvy,Playing musical instruments,Reserved,Risk-averse,Never travels,No pets,Computer systems analysts and scientists,"Professional, Scientific, and Technical Services"
191,psid,60,-0.5996425491709361,,,,26,Female,Bachelor's Degree,Public,Married,New Jersey,High neuroticism,High conscientiousness,Loves puzzles,Playing sports,Sedentary,Republican,Does not have children,Middle income,Owns home,Tech-savvy,Photography,Diplomatic,High risk-taker,Rare traveler,Owns other pets,Computer systems analysts and scientists,"Professional, Scientific, and Technical Services"
192,psid,11,1.6549247635535003,,,,38,Male,Master's Degree,Self-Employed,Divorced,Florida,High agreeableness,High agreeableness,Very social,Playing sports,Active,Democrat,Has children,Middle income,Owns home,Tech-savvy,Photography,Direct,Risk-averse,Never travels,No pets,Computer systems analysts and scientists,"Professional, Scientific, and Technical Services"
193,psid,39,1.5967908811189202,,,,37,Male,Master's Degree,Private,Married,Florida,High extraversion,High agreeableness,Extremely organized,Gaming,Laid-back,Green,Does not have children,Middle income,Rents,Tech-savvy,Playing musical instruments,Direct,Moderate risk-taker,Rare traveler,Owns a dog,Biological and life scientists,"Professional, Scientific, and Technical Services"
194,psid,51,1.5630684870782567,,,,31,Male,Bachelor's Degree,Private,Divorced,Connecticut,High conscientiousness,High conscientiousness,Always punctual,Playing sports,Sedentary,Green,Does not have children,Middle income,Rents,Tech-savvy,Hiking,Humorous,High risk-taker,Occasional traveler,Owns a cat,Computer programmers,"Professional, Scientific, and Technical Services"
195,psid,25,0.7038507585392888,,,,39,Male,Bachelor's Degree,Private,Divorced,Connecticut,High agreeableness,High extraversion,Extremely organized,Playing sports,Workaholic,Democrat,Has children,Middle income,Rents,Tech-savvy,Photography,Direct,High risk-taker,Never travels,Owns other pets,Computer systems analysts and scientists,"Professional, Scientific, and Technical Services"
196,psid,13,0.6243282122916335,,,,40,Female,Master's Degree,Private,Married,Connecticut,High conscientiousness,High extraversion,Extremely organized,Playing sports,Laid-back,Libertarian,Has children,Middle income,Owns home,Tech-savvy,Gardening,Diplomatic,High risk-taker,Frequent traveler,Owns other pets,Computer programmers,"Professional, Scientific, and Technical Services"
197,psid,43,0.18379511160424872,,,,34,Male,Master's Degree,Self-Employed,Divorced,New York,High openness,High extraversion,Extremely organized,Traveling,Sedentary,Republican,Does not have children,Middle income,Rents,Tech-savvy,Crafting,Humorous,High risk-taker,Occasional traveler,No pets,Computer systems analysts and scientists,"Professional, Scientific, and Technical Services"
198,psid,27,-0.8338999246785375,,,,31,Female,Bachelor's Degree,Private,Single,California,High conscientiousness,High conscientiousness,Introverted,Reading,Balanced,Libertarian,Undecided,Middle income,Owns home,Tech-savvy,Hiking,Open,High risk-taker,Rare traveler,No pets,Computer systems analysts and scientists,"Professional, Scientific, and Technical Services"
199,psid,67,0.47796294307591497,,,,33,Male,Bachelor's Degree,Public,Divorced,Connecticut,High openness,High agreeableness,Extremely organized,Playing sports,Laid-back,Green,Undecided,Middle income,Rents,Tech-savvy,Playing musical instruments,Humorous,Risk-averse,Never travels,Owns other pets,Computer programmers,"Professional, Scientific, and Technical Services"
