state_id,pair_id,who,year,treatment,role,status,problems,chars
p1_A_2021_base,1,A,2021,base,base,ok,,1930
p1_A_2022_salary,1,A,2022,salary,winner,ok,,2194
p1_A_2022_title,1,A,2022,title,winner,ok,,2080
p1_A_2022_move,1,A,2022,move,winner,ok,,2324
p1_B_2021_base,1,B,2021,base,base,ok,,1841
p1_A_2022_both,1,A,2022,both,winner,ok,,2087
p2_A_2021_base,2,A,2021,base,base,ok,,1927
p1_B_2022_loser,1,B,2022,loser,loser,ok,,1917
p2_A_2022_loser,2,A,2022,loser,loser,ok,,2064
p2_B_2021_base,2,B,2021,base,base,ok,,1855
p2_B_2022_move,2,B,2022,move,winner,ok,,2014
p2_B_2022_salary,2,B,2022,salary,winner,ok,,2119
p2_B_2022_title,2,B,2022,title,winner,ok,,2246
p2_B_2022_both,2,B,2022,both,winner,ok,,2234
p3_A_2021_base,3,A,2021,base,base,ok,,2366
p3_A_2022_move,3,A,2022,move,winner,ok,,2486
p3_A_2022_salary,3,A,2022,salary,winner,ok,,2617
p3_A_2022_title,3,A,2022,title,winner,ok,,2546
p3_B_2021_base,3,B,2021,base,base,ok,,2134
p3_A_2022_both,3,A,2022,both,winner,ok,,2514
p3_B_2022_loser,3,B,2022,loser,loser,ok,,2250
p4_A_2021_base,4,A,2021,base,base,ok,,1873
p4_A_2022_loser,4,A,2022,loser,loser,ok,,1794
p4_B_2021_base,4,B,2021,base,base,ok,,1984
p4_B_2022_move,4,B,2022,move,winner,ok,,2494
p4_B_2022_salary,4,B,2022,salary,winner,ok,,2268
p4_B_2022_title,4,B,2022,title,winner,ok,,2206
p4_B_2022_both,4,B,2022,both,winner,ok,,2238
p5_A_2021_base,5,A,2021,base,base,ok,,2521
p5_A_2022_move,5,A,2022,move,winner,ok,,2840
p5_A_2022_salary,5,A,2022,salary,winner,ok,,2643
p5_A_2022_title,5,A,2022,title,winner,ok,,2903
p5_A_2022_both,5,A,2022,both,winner,ok,,2818
p5_B_2021_base,5,B,2021,base,base,ok,,2454
p6_A_2021_base,6,A,2021,base,base,ok,,1633
p5_B_2022_loser,5,B,2022,loser,loser,ok,,2570
p6_B_2021_base,6,B,2021,base,base,ok,,1653
p6_A_2022_loser,6,A,2022,loser,loser,ok,,1630
p6_B_2022_move,6,B,2022,move,winner,ok,,1780
p7_A_2021_base,7,A,2021,base,base,ok,,1263
p6_B_2022_title,6,B,2022,title,winner,ok,,1901
p6_B_2022_salary,6,B,2022,salary,winner,ok,,1964
p6_B_2022_both,6,B,2022,both,winner,ok,,1901
p7_A_2022_move,7,A,2022,move,winner,ok,,1747
p7_A_2022_salary,7,A,2022,salary,winner,ok,,1651
p7_A_2022_title,7,A,2022,title,winner,ok,,1577
p7_A_2022_both,7,A,2022,both,winner,ok,,1688
p7_B_2021_base,7,B,2021,base,base,ok,,1516
p7_B_2022_loser,7,B,2022,loser,loser,ok,,1495
p8_A_2021_base,8,A,2021,base,base,ok,,1704
p8_A_2022_loser,8,A,2022,loser,loser,ok,,1651
p8_B_2021_base,8,B,2021,base,base,ok,,1604
p8_B_2022_move,8,B,2022,move,winner,ok,,1812
p8_B_2022_salary,8,B,2022,salary,winner,ok,,1928
p10_A_2021_base,10,A,2021,base,base,ok,,1156
p8_B_2022_title,8,B,2022,title,winner,ok,,1883
p8_B_2022_both,8,B,2022,both,winner,ok,,1838
p10_A_2022_move,10,A,2022,move,winner,ok,,1319
p10_A_2022_salary,10,A,2022,salary,winner,ok,,1326
p10_B_2021_base,10,B,2021,base,base,ok,,1199
p10_A_2022_both,10,A,2022,both,winner,ok,,1281
p10_A_2022_title,10,A,2022,title,winner,ok,,1369
p11_A_2021_base,11,A,2021,base,base,ok,,1635
p10_B_2022_loser,10,B,2022,loser,loser,ok,,1281
p11_B_2021_base,11,B,2021,base,base,ok,,1686
p11_A_2022_loser,11,A,2022,loser,loser,ok,,1712
p11_B_2022_salary,11,B,2022,salary,winner,ok,,1882
p11_B_2022_move,11,B,2022,move,winner,ok,,2078
p11_B_2022_both,11,B,2022,both,winner,ok,,2027
p12_A_2021_base,12,A,2021,base,base,ok,,1392
p11_B_2022_title,11,B,2022,title,winner,ok,,2042
p12_A_2022_move,12,A,2022,move,winner,ok,,1634
p12_A_2022_title,12,A,2022,title,winner,ok,,1600
p12_A_2022_salary,12,A,2022,salary,winner,ok,,1573
p12_A_2022_both,12,A,2022,both,winner,ok,,1641
p12_B_2021_base,12,B,2021,base,base,ok,,1380
p12_B_2022_loser,12,B,2022,loser,loser,ok,,1291
p13_A_2021_base,13,A,2021,base,base,ok,,1505
p13_A_2022_loser,13,A,2022,loser,loser,ok,,1656
p13_B_2021_base,13,B,2021,base,base,ok,,1544
p13_B_2022_move,13,B,2022,move,winner,ok,,1615
p13_B_2022_salary,13,B,2022,salary,winner,ok,,1710
p13_B_2022_title,13,B,2022,title,winner,ok,,1643
p13_B_2022_both,13,B,2022,both,winner,ok,,1662
p14_A_2021_base,14,A,2021,base,base,ok,,1707
p14_A_2022_move,14,A,2022,move,winner,ok,,1747
p14_A_2022_salary,14,A,2022,salary,winner,ok,,1859
p14_A_2022_title,14,A,2022,title,winner,ok,,1912
p15_A_2021_base,15,A,2021,base,base,ok,,1428
p14_A_2022_both,14,A,2022,both,winner,ok,,1898
p14_B_2021_base,14,B,2021,base,base,ok,,1603
p14_B_2022_loser,14,B,2022,loser,loser,ok,,1775
p15_B_2021_base,15,B,2021,base,base,ok,,1491
p15_A_2022_loser,15,A,2022,loser,loser,ok,,1355
p15_B_2022_move,15,B,2022,move,winner,ok,,1672
p15_B_2022_salary,15,B,2022,salary,winner,ok,,1621
p15_B_2022_both,15,B,2022,both,winner,ok,,1658
p15_B_2022_title,15,B,2022,title,winner,ok,,1587
p16_A_2021_base,16,A,2021,base,base,ok,,2435
p16_A_2022_move,16,A,2022,move,winner,ok,,2716
p16_A_2022_salary,16,A,2022,salary,winner,ok,,2825
p16_A_2022_title,16,A,2022,title,winner,ok,,2821
p16_A_2022_both,16,A,2022,both,winner,ok,,2785
p16_B_2021_base,16,B,2021,base,base,ok,,2678
p17_A_2021_base,17,A,2021,base,base,ok,,1982
p16_B_2022_loser,16,B,2022,loser,loser,ok,,2570
p17_A_2022_loser,17,A,2022,loser,loser,ok,,1776
p17_B_2021_base,17,B,2021,base,base,ok,,2060
p17_B_2022_move,17,B,2022,move,winner,ok,,2105
p17_B_2022_title,17,B,2022,title,winner,ok,,2165
p18_A_2021_base,18,A,2021,base,base,ok,,1183
p17_B_2022_salary,17,B,2022,salary,winner,ok,,2460
p18_A_2022_move,18,A,2022,move,winner,ok,,1278
p18_A_2022_salary,18,A,2022,salary,winner,ok,,1309
p18_A_2022_title,18,A,2022,title,winner,ok,,1375
p18_B_2021_base,18,B,2021,base,base,ok,,1337
p18_B_2022_loser,18,B,2022,loser,loser,ok,,1251
p18_A_2022_both,18,A,2022,both,winner,ok,,1427
p19_A_2021_base,19,A,2021,base,base,ok,,1906
p19_B_2021_base,19,B,2021,base,base,ok,,1989
p17_B_2022_both,17,B,2022,both,winner,ok,,2323
p19_A_2022_loser,19,A,2022,loser,loser,ok,,1912
p19_B_2022_move,19,B,2022,move,winner,ok,,2220
p19_B_2022_salary,19,B,2022,salary,winner,ok,,2158
p19_B_2022_title,19,B,2022,title,winner,ok,,2167
p19_B_2022_both,19,B,2022,both,winner,ok,,2118
p20_A_2022_move,20,A,2022,move,winner,ok,,1523
p20_A_2021_base,20,A,2021,base,base,ok,,1408
p20_B_2021_base,20,B,2021,base,base,ok,,1444
p20_A_2022_salary,20,A,2022,salary,winner,ok,,1568
p20_A_2022_title,20,A,2022,title,winner,ok,,1701
p20_A_2022_both,20,A,2022,both,winner,ok,,1649
p21_A_2021_base,21,A,2021,base,base,ok,,2456
p21_B_2021_base,21,B,2021,base,base,ok,,2457
p20_B_2022_loser,20,B,2022,loser,loser,ok,,1337
p21_A_2022_loser,21,A,2022,loser,loser,ok,,2417
p21_B_2022_title,21,B,2022,title,winner,ok,,2803
p21_B_2022_both,21,B,2022,both,winner,ok,,3085
p21_B_2022_salary,21,B,2022,salary,winner,ok,,2568
p21_B_2022_move,21,B,2022,move,winner,ok,,2803
p22_A_2021_base,22,A,2021,base,base,ok,,1933
p22_A_2022_move,22,A,2022,move,winner,ok,,2342
p22_A_2022_title,22,A,2022,title,winner,ok,,2310
p22_B_2021_base,22,B,2021,base,base,ok,,1825
p22_B_2022_loser,22,B,2022,loser,loser,ok,,1929
p22_A_2022_salary,22,A,2022,salary,winner,ok,,2159
p23_A_2021_base,23,A,2021,base,base,ok,,1203
p22_A_2022_both,22,A,2022,both,winner,ok,,2417
p23_B_2021_base,23,B,2021,base,base,ok,,1135
p23_A_2022_loser,23,A,2022,loser,loser,ok,,1269
p23_B_2022_title,23,B,2022,title,winner,ok,,1306
p23_B_2022_move,23,B,2022,move,winner,ok,,1293
p23_B_2022_both,23,B,2022,both,winner,ok,,1362
p23_B_2022_salary,23,B,2022,salary,winner,ok,,1571
p24_A_2021_base,24,A,2021,base,base,ok,,1844
p24_A_2022_move,24,A,2022,move,winner,ok,,2050
p24_A_2022_title,24,A,2022,title,winner,ok,,2043
p24_A_2022_salary,24,A,2022,salary,winner,ok,,2188
p24_A_2022_both,24,A,2022,both,winner,ok,,1952
p25_A_2021_base,25,A,2021,base,base,ok,,1659
p24_B_2022_loser,24,B,2022,loser,loser,ok,,1703
p25_A_2022_loser,25,A,2022,loser,loser,ok,,1761
p25_B_2022_salary,25,B,2022,salary,winner,ok,,1884
p25_B_2022_move,25,B,2022,move,winner,ok,,1962
p25_B_2021_base,25,B,2021,base,base,ok,,1571
p24_B_2021_base,24,B,2021,base,base,ok,,1875
p25_B_2022_both,25,B,2022,both,winner,ok,,1964
p26_A_2021_base,26,A,2021,base,base,ok,,1492
p26_A_2022_salary,26,A,2022,salary,winner,ok,,1602
p26_A_2022_move,26,A,2022,move,winner,ok,,1716
p26_B_2021_base,26,B,2021,base,base,ok,,1720
p26_A_2022_both,26,A,2022,both,winner,ok,,1588
p26_A_2022_title,26,A,2022,title,winner,ok,,1726
p26_B_2022_loser,26,B,2022,loser,loser,ok,,1541
p25_B_2022_title,25,B,2022,title,winner,ok,,2000
p27_A_2021_base,27,A,2021,base,base,ok,,1726
p27_B_2021_base,27,B,2021,base,base,ok,,1629
p27_B_2022_move,27,B,2022,move,winner,ok,,1907
p27_A_2022_loser,27,A,2022,loser,loser,ok,,1550
p27_B_2022_salary,27,B,2022,salary,winner,ok,,1910
p28_A_2021_base,28,A,2021,base,base,ok,,1621
p27_B_2022_title,27,B,2022,title,winner,ok,,1818
p28_A_2022_move,28,A,2022,move,winner,ok,,2017
p27_B_2022_both,27,B,2022,both,winner,ok,,1946
p28_A_2022_both,28,A,2022,both,winner,ok,,1933
p28_A_2022_title,28,A,2022,title,winner,ok,,2074
p28_A_2022_salary,28,A,2022,salary,winner,ok,,1917
p28_B_2021_base,28,B,2021,base,base,ok,,1624
p29_A_2021_base,29,A,2021,base,base,ok,,2209
p29_A_2022_loser,29,A,2022,loser,loser,ok,,2278
p28_B_2022_loser,28,B,2022,loser,loser,ok,,1624
p29_B_2021_base,29,B,2021,base,base,ok,,2229
p29_B_2022_move,29,B,2022,move,winner,ok,,2491
p29_B_2022_title,29,B,2022,title,winner,ok,,2457
p29_B_2022_salary,29,B,2022,salary,winner,ok,,2317
p30_A_2021_base,30,A,2021,base,base,ok,,1417
p29_B_2022_both,29,B,2022,both,winner,ok,,2371
p30_A_2022_move,30,A,2022,move,winner,ok,,1592
p30_A_2022_salary,30,A,2022,salary,winner,ok,,1559
p30_A_2022_title,30,A,2022,title,winner,ok,,1590
p30_B_2021_base,30,B,2021,base,base,ok,,1365
p30_A_2022_both,30,A,2022,both,winner,ok,,1493
p31_A_2021_base,31,A,2021,base,base,ok,,1972
p30_B_2022_loser,30,B,2022,loser,loser,ok,,1347
p31_B_2021_base,31,B,2021,base,base,ok,,1962
p31_B_2022_move,31,B,2022,move,winner,ok,,2146
p31_B_2022_salary,31,B,2022,salary,winner,ok,,2217
p31_B_2022_title,31,B,2022,title,winner,ok,,2342
p31_B_2022_both,31,B,2022,both,winner,ok,,2175
p32_A_2021_base,32,A,2021,base,base,ok,,1658
p31_A_2022_loser,31,A,2022,loser,loser,ok,,1946
p32_A_2022_salary,32,A,2022,salary,winner,ok,,2003
p32_A_2022_move,32,A,2022,move,winner,ok,,1993
p32_A_2022_title,32,A,2022,title,winner,ok,,1853
p32_B_2021_base,32,B,2021,base,base,ok,,1594
p32_A_2022_both,32,A,2022,both,winner,ok,,1854
p32_B_2022_loser,32,B,2022,loser,loser,ok,,1684
p33_A_2022_loser,33,A,2022,loser,loser,ok,,1864
p33_A_2021_base,33,A,2021,base,base,ok,,2145
p33_B_2022_move,33,B,2022,move,winner,ok,,2101
p33_B_2021_base,33,B,2021,base,base,ok,,1884
p33_B_2022_salary,33,B,2022,salary,winner,ok,,2373
p33_B_2022_both,33,B,2022,both,winner,ok,,2326
p34_A_2021_base,34,A,2021,base,base,ok,,1610
p33_B_2022_title,33,B,2022,title,winner,ok,,2368
p34_A_2022_salary,34,A,2022,salary,winner,ok,,1821
p34_A_2022_move,34,A,2022,move,winner,ok,,1949
p34_B_2021_base,34,B,2021,base,base,ok,,1618
p34_A_2022_title,34,A,2022,title,winner,ok,,1971
p35_A_2021_base,35,A,2021,base,base,ok,,1305
p34_A_2022_both,34,A,2022,both,winner,ok,,1913
p35_A_2022_loser,35,A,2022,loser,loser,ok,,1292
p35_B_2021_base,35,B,2021,base,base,ok,,1301
p35_B_2022_move,35,B,2022,move,winner,ok,,1767
p34_B_2022_loser,34,B,2022,loser,loser,ok,,1711
p35_B_2022_title,35,B,2022,title,winner,ok,,1706
p35_B_2022_salary,35,B,2022,salary,winner,ok,,1772
p36_A_2021_base,36,A,2021,base,base,ok,,1525
p35_B_2022_both,35,B,2022,both,winner,ok,,1776
p36_A_2022_title,36,A,2022,title,winner,ok,,1941
p36_A_2022_both,36,A,2022,both,winner,ok,,1995
p36_A_2022_move,36,A,2022,move,winner,ok,,2038
p36_A_2022_salary,36,A,2022,salary,winner,ok,,2000
p37_A_2021_base,37,A,2021,base,base,ok,,1304
p37_A_2022_loser,37,A,2022,loser,loser,ok,,1346
p36_B_2021_base,36,B,2021,base,base,ok,,1563
p36_B_2022_loser,36,B,2022,loser,loser,ok,,1643
p37_B_2022_salary,37,B,2022,salary,winner,ok,,1621
p37_B_2021_base,37,B,2021,base,base,ok,,1453
p37_B_2022_title,37,B,2022,title,winner,ok,,1643
p38_A_2021_base,38,A,2021,base,base,ok,,1525
p37_B_2022_both,37,B,2022,both,winner,ok,,1553
p38_A_2022_move,38,A,2022,move,winner,ok,,1555
p37_B_2022_move,37,B,2022,move,winner,ok,,1737
p38_A_2022_title,38,A,2022,title,winner,ok,,1779
p38_A_2022_salary,38,A,2022,salary,winner,ok,,1733
p38_A_2022_both,38,A,2022,both,winner,ok,,1597
p38_B_2022_loser,38,B,2022,loser,loser,ok,,1342
p38_B_2021_base,38,B,2021,base,base,ok,,1361
p39_A_2021_base,39,A,2021,base,base,ok,,2571
p39_B_2021_base,39,B,2021,base,base,ok,,2540
p39_A_2022_loser,39,A,2022,loser,loser,ok,,2485
p39_B_2022_salary,39,B,2022,salary,winner,ok,,2738
p40_A_2021_base,40,A,2021,base,base,ok,,1965
p39_B_2022_both,39,B,2022,both,winner,ok,,2717
p39_B_2022_title,39,B,2022,title,winner,ok,,2780
p39_B_2022_move,39,B,2022,move,winner,ok,,2834
p40_A_2022_title,40,A,2022,title,winner,ok,,2277
p40_A_2022_move,40,A,2022,move,winner,ok,,2333
p40_A_2022_both,40,A,2022,both,winner,ok,,2217
p40_A_2022_salary,40,A,2022,salary,winner,ok,,2128
p40_B_2022_loser,40,B,2022,loser,loser,ok,,1987
p40_B_2021_base,40,B,2021,base,base,ok,,1876
p42_A_2021_base,42,A,2021,base,base,ok,,1681
p42_B_2022_salary,42,B,2022,salary,winner,ok,,1846
p42_B_2021_base,42,B,2021,base,base,ok,,1631
p42_A_2022_loser,42,A,2022,loser,loser,ok,,1559
p42_B_2022_both,42,B,2022,both,winner,ok,,1924
p43_A_2021_base,43,A,2021,base,base,ok,,1686
p42_B_2022_title,42,B,2022,title,winner,ok,,1946
p42_B_2022_move,42,B,2022,move,winner,ok,,1933
p43_A_2022_move,43,A,2022,move,winner,ok,,1923
p43_A_2022_both,43,A,2022,both,winner,ok,,2027
p43_A_2022_salary,43,A,2022,salary,winner,ok,,2089
p43_B_2021_base,43,B,2021,base,base,ok,,1680
p43_A_2022_title,43,A,2022,title,winner,ok,,1960
p43_B_2022_loser,43,B,2022,loser,loser,ok,,1668
p44_A_2021_base,44,A,2021,base,base,ok,,880
p44_A_2022_loser,44,A,2022,loser,loser,ok,,927
p44_B_2022_move,44,B,2022,move,winner,ok,,1162
p44_B_2021_base,44,B,2021,base,base,ok,,1115
p44_B_2022_title,44,B,2022,title,winner,ok,,1075
p44_B_2022_both,44,B,2022,both,winner,ok,,1155
p45_A_2021_base,45,A,2021,base,base,ok,,1745
p45_A_2022_salary,45,A,2022,salary,winner,ok,,1693
p44_B_2022_salary,44,B,2022,salary,winner,ok,,1123
p45_A_2022_move,45,A,2022,move,winner,ok,,1747
p45_B_2021_base,45,B,2021,base,base,ok,,1281
p45_A_2022_title,45,A,2022,title,winner,ok,,1734
p45_A_2022_both,45,A,2022,both,winner,ok,,1839
p46_A_2021_base,46,A,2021,base,base,ok,,1540
p46_A_2022_loser,46,A,2022,loser,loser,ok,,1798
p45_B_2022_loser,45,B,2022,loser,loser,ok,,1367
p46_B_2022_salary,46,B,2022,salary,winner,ok,,1822
p46_B_2022_move,46,B,2022,move,winner,ok,,1892
p46_B_2022_title,46,B,2022,title,winner,ok,,1832
p46_B_2022_both,46,B,2022,both,winner,ok,,1821
p46_B_2021_base,46,B,2021,base,base,ok,,1706
p47_A_2022_move,47,A,2022,move,winner,ok,,1650
p47_A_2021_base,47,A,2021,base,base,ok,,1254
p47_A_2022_salary,47,A,2022,salary,winner,ok,,1707
p47_A_2022_title,47,A,2022,title,winner,ok,,1589
p47_A_2022_both,47,A,2022,both,winner,ok,,1607
p48_A_2021_base,48,A,2021,base,base,ok,,1270
p47_B_2022_loser,47,B,2022,loser,loser,ok,,1339
p47_B_2021_base,47,B,2021,base,base,ok,,1466
p48_A_2022_loser,48,A,2022,loser,loser,ok,,1300
p48_B_2021_base,48,B,2021,base,base,ok,,1514
p48_B_2022_move,48,B,2022,move,winner,ok,,1610
p48_B_2022_both,48,B,2022,both,winner,ok,,1648
p48_B_2022_title,48,B,2022,title,winner,ok,,1588
p48_B_2022_salary,48,B,2022,salary,winner,ok,,1683
p49_A_2022_move,49,A,2022,move,winner,ok,,2481
p49_A_2021_base,49,A,2021,base,base,ok,,2393
p49_A_2022_title,49,A,2022,title,winner,ok,,2578
p49_B_2021_base,49,B,2021,base,base,ok,,2329
p50_A_2021_base,50,A,2021,base,base,ok,,1289
p49_A_2022_both,49,A,2022,both,winner,ok,,2358
p49_B_2022_loser,49,B,2022,loser,loser,ok,,2223
p49_A_2022_salary,49,A,2022,salary,winner,ok,,2603
p50_B_2021_base,50,B,2021,base,base,ok,,1063
p50_A_2022_loser,50,A,2022,loser,loser,ok,,1183
p50_B_2022_move,50,B,2022,move,winner,ok,,1284
p50_B_2022_salary,50,B,2022,salary,winner,ok,,1458
p50_B_2022_title,50,B,2022,title,winner,ok,,1499
p51_A_2021_base,51,A,2021,base,base,ok,,1756
p50_B_2022_both,50,B,2022,both,winner,ok,,1511
p51_A_2022_move,51,A,2022,move,winner,ok,,2184
p51_A_2022_title,51,A,2022,title,winner,ok,,2288
p51_A_2022_salary,51,A,2022,salary,winner,ok,,2073
p51_A_2022_both,51,A,2022,both,winner,ok,,2187
p51_B_2021_base,51,B,2021,base,base,ok,,1966
p52_A_2021_base,52,A,2021,base,base,ok,,1846
p51_B_2022_loser,51,B,2022,loser,loser,ok,,1920
p52_B_2021_base,52,B,2021,base,base,ok,,1502
p52_B_2022_move,52,B,2022,move,winner,ok,,1946
p52_B_2022_title,52,B,2022,title,winner,ok,,1896
p52_A_2022_loser,52,A,2022,loser,loser,ok,,1791
p52_B_2022_salary,52,B,2022,salary,winner,ok,,1994
p53_A_2022_move,53,A,2022,move,winner,ok,,2670
p53_A_2022_salary,53,A,2022,salary,winner,ok,,2582
p52_B_2022_both,52,B,2022,both,winner,ok,,1923
p53_B_2021_base,53,B,2021,base,base,ok,,2061
p53_A_2022_title,53,A,2022,title,winner,ok,,2495
p53_A_2022_both,53,A,2022,both,winner,ok,,2475
p53_A_2021_base,53,A,2021,base,base,ok,,2148
p54_A_2021_base,54,A,2021,base,base,ok,,938
p54_B_2021_base,54,B,2021,base,base,ok,,939
p54_A_2022_loser,54,A,2022,loser,loser,ok,,908
p53_B_2022_loser,53,B,2022,loser,loser,ok,,2305
p54_B_2022_move,54,B,2022,move,winner,ok,,1001
p54_B_2022_both,54,B,2022,both,winner,ok,,1179
p54_B_2022_salary,54,B,2022,salary,winner,ok,,1333
p54_B_2022_title,54,B,2022,title,winner,ok,,1149
p55_A_2021_base,55,A,2021,base,base,ok,,2304
p55_A_2022_move,55,A,2022,move,winner,ok,,2702
p55_A_2022_title,55,A,2022,title,winner,ok,,2472
p55_B_2022_loser,55,B,2022,loser,loser,ok,,2139
p55_B_2021_base,55,B,2021,base,base,ok,,2420
p55_A_2022_both,55,A,2022,both,winner,ok,,2614
p56_A_2021_base,56,A,2021,base,base,ok,,2547
p55_A_2022_salary,55,A,2022,salary,winner,ok,,2570
p56_B_2021_base,56,B,2021,base,base,ok,,2365
p56_A_2022_loser,56,A,2022,loser,loser,ok,,2422
p56_B_2022_move,56,B,2022,move,winner,ok,,2655
p56_B_2022_salary,56,B,2022,salary,winner,ok,,2698
p56_B_2022_both,56,B,2022,both,winner,ok,,2751
p56_B_2022_title,56,B,2022,title,winner,ok,,2799
p57_A_2021_base,57,A,2021,base,base,ok,,2336
p57_A_2022_move,57,A,2022,move,winner,ok,,2455
p57_A_2022_both,57,A,2022,both,winner,ok,,2758
p57_A_2022_title,57,A,2022,title,winner,ok,,2409
p57_A_2022_salary,57,A,2022,salary,winner,ok,,2445
p57_B_2021_base,57,B,2021,base,base,ok,,2315
p57_B_2022_loser,57,B,2022,loser,loser,ok,,2130
p58_A_2021_base,58,A,2021,base,base,ok,,2668
p58_A_2022_loser,58,A,2022,loser,loser,ok,,2562
p58_B_2021_base,58,B,2021,base,base,ok,,2577
p58_B_2022_move,58,B,2022,move,winner,ok,,2995
p58_B_2022_title,58,B,2022,title,winner,ok,,2957
p58_B_2022_salary,58,B,2022,salary,winner,ok,,3017
p59_A_2022_salary,59,A,2022,salary,winner,ok,,1567
p59_A_2021_base,59,A,2021,base,base,ok,,1503
p59_A_2022_move,59,A,2022,move,winner,ok,,1653
p59_A_2022_title,59,A,2022,title,winner,ok,,1625
p59_A_2022_both,59,A,2022,both,winner,ok,,1537
p59_B_2022_loser,59,B,2022,loser,loser,ok,,1411
p60_A_2021_base,60,A,2021,base,base,ok,,1916
p58_B_2022_both,58,B,2022,both,winner,ok,,3086
p59_B_2021_base,59,B,2021,base,base,ok,,1333
p60_A_2022_loser,60,A,2022,loser,loser,ok,,1949
p60_B_2021_base,60,B,2021,base,base,ok,,1883
p60_B_2022_move,60,B,2022,move,winner,ok,,2053
p60_B_2022_title,60,B,2022,title,winner,ok,,2318
p61_A_2021_base,61,A,2021,base,base,ok,,1331
p61_A_2022_move,61,A,2022,move,winner,ok,,1557
p60_B_2022_both,60,B,2022,both,winner,ok,,2139
p60_B_2022_salary,60,B,2022,salary,winner,ok,,2242
p61_A_2022_title,61,A,2022,title,winner,ok,,1566
p61_A_2022_both,61,A,2022,both,winner,ok,,1663
p61_A_2022_salary,61,A,2022,salary,winner,ok,,1613
p61_B_2021_base,61,B,2021,base,base,ok,,1335
p61_B_2022_loser,61,B,2022,loser,loser,ok,,1353
p62_A_2021_base,62,A,2021,base,base,ok,,2531
p62_B_2022_move,62,B,2022,move,winner,ok,,2880
p62_A_2022_loser,62,A,2022,loser,loser,ok,,2387
p62_B_2022_both,62,B,2022,both,winner,ok,,2756
p62_B_2021_base,62,B,2021,base,base,ok,,2557
p63_A_2022_move,63,A,2022,move,winner,ok,,1259
p62_B_2022_salary,62,B,2022,salary,winner,ok,,2922
p62_B_2022_title,62,B,2022,title,winner,ok,,2799
p63_A_2021_base,63,A,2021,base,base,ok,,1079
p63_B_2021_base,63,B,2021,base,base,ok,,1335
p63_A_2022_title,63,A,2022,title,winner,ok,,1352
p63_A_2022_both,63,A,2022,both,winner,ok,,1409
p64_A_2021_base,64,A,2021,base,base,ok,,1383
p63_A_2022_salary,63,A,2022,salary,winner,ok,,1401
p64_B_2021_base,64,B,2021,base,base,ok,,1529
p63_B_2022_loser,63,B,2022,loser,loser,ok,,1301
p64_A_2022_loser,64,A,2022,loser,loser,ok,,1297
p64_B_2022_salary,64,B,2022,salary,winner,ok,,1540
p64_B_2022_move,64,B,2022,move,winner,ok,,1681
p65_A_2021_base,65,A,2021,base,base,ok,,1937
p64_B_2022_title,64,B,2022,title,winner,ok,,1631
p64_B_2022_both,64,B,2022,both,winner,ok,,1571
p65_A_2022_move,65,A,2022,move,winner,ok,,2196
p65_A_2022_salary,65,A,2022,salary,winner,ok,,2122
p65_A_2022_title,65,A,2022,title,winner,ok,,2199
p65_B_2022_loser,65,B,2022,loser,loser,ok,,1794
p66_A_2021_base,66,A,2021,base,base,ok,,2166
p65_B_2021_base,65,B,2021,base,base,ok,,1917
p66_B_2021_base,66,B,2021,base,base,ok,,2319
p65_A_2022_both,65,A,2022,both,winner,ok,,2250
p66_A_2022_loser,66,A,2022,loser,loser,ok,,2142
p66_B_2022_move,66,B,2022,move,winner,ok,,2211
p66_B_2022_salary,66,B,2022,salary,winner,ok,,2475
p67_A_2021_base,67,A,2021,base,base,ok,,1709
p67_A_2022_move,67,A,2022,move,winner,ok,,1932
p66_B_2022_title,66,B,2022,title,winner,ok,,2454
p67_A_2022_salary,67,A,2022,salary,winner,ok,,2015
p67_B_2021_base,67,B,2021,base,base,ok,,1629
p67_A_2022_title,67,A,2022,title,winner,ok,,1857
p66_B_2022_both,66,B,2022,both,winner,ok,,2330
p67_A_2022_both,67,A,2022,both,winner,ok,,1982
p68_A_2022_loser,68,A,2022,loser,loser,ok,,1636
p67_B_2022_loser,67,B,2022,loser,loser,ok,,1733
p68_A_2021_base,68,A,2021,base,base,ok,,1632
p68_B_2021_base,68,B,2021,base,base,ok,,1696
p68_B_2022_move,68,B,2022,move,winner,ok,,1979
p68_B_2022_both,68,B,2022,both,winner,ok,,1734
p68_B_2022_title,68,B,2022,title,winner,ok,,2040
p68_B_2022_salary,68,B,2022,salary,winner,ok,,1911
p69_A_2022_title,69,A,2022,title,winner,ok,,2842
p69_A_2022_salary,69,A,2022,salary,winner,ok,,2667
p69_A_2022_move,69,A,2022,move,winner,ok,,2846
p69_A_2021_base,69,A,2021,base,base,ok,,2524
p69_B_2021_base,69,B,2021,base,base,ok,,2493
p69_A_2022_both,69,A,2022,both,winner,ok,,2626
p69_B_2022_loser,69,B,2022,loser,loser,ok,,2582
p70_B_2021_base,70,B,2021,base,base,ok,,2020
p70_B_2022_move,70,B,2022,move,winner,ok,,2279
p70_A_2021_base,70,A,2021,base,base,ok,,2100
p70_B_2022_both,70,B,2022,both,winner,ok,,2250
p70_B_2022_salary,70,B,2022,salary,winner,ok,,2213
p70_B_2022_title,70,B,2022,title,winner,ok,,2128
p70_A_2022_loser,70,A,2022,loser,loser,ok,,1943
p71_A_2021_base,71,A,2021,base,base,ok,,2095
p71_A_2022_title,71,A,2022,title,winner,ok,,2458
p71_A_2022_move,71,A,2022,move,winner,ok,,2417
p71_A_2022_both,71,A,2022,both,winner,ok,,2613
p71_B_2021_base,71,B,2021,base,base,ok,,2167
p71_A_2022_salary,71,A,2022,salary,winner,ok,,2614
p71_B_2022_loser,71,B,2022,loser,loser,ok,,2330
p72_A_2021_base,72,A,2021,base,base,ok,,1929
p72_A_2022_loser,72,A,2022,loser,loser,ok,,1971
p72_B_2021_base,72,B,2021,base,base,ok,,2153
p72_B_2022_move,72,B,2022,move,winner,ok,,2069
p72_B_2022_salary,72,B,2022,salary,winner,ok,,2159
p73_A_2021_base,73,A,2021,base,base,ok,,1620
p72_B_2022_title,72,B,2022,title,winner,ok,,2067
p72_B_2022_both,72,B,2022,both,winner,ok,,2051
p73_A_2022_salary,73,A,2022,salary,winner,ok,,1726
p73_A_2022_move,73,A,2022,move,winner,ok,,1992
p73_A_2022_title,73,A,2022,title,winner,ok,,1982
p73_A_2022_both,73,A,2022,both,winner,ok,,1916
p73_B_2022_loser,73,B,2022,loser,loser,ok,,1725
p73_B_2021_base,73,B,2021,base,base,ok,,1571
p74_B_2021_base,74,B,2021,base,base,ok,,2163
p74_A_2022_loser,74,A,2022,loser,loser,ok,,2108
p74_A_2021_base,74,A,2021,base,base,ok,,2294
p74_B_2022_both,74,B,2022,both,winner,ok,,2480
p74_B_2022_salary,74,B,2022,salary,winner,ok,,2298
p74_B_2022_title,74,B,2022,title,winner,ok,,2411
p75_A_2021_base,75,A,2021,base,base,ok,,1983
p74_B_2022_move,74,B,2022,move,winner,ok,,2622
p75_A_2022_salary,75,A,2022,salary,winner,ok,,2243
p75_A_2022_both,75,A,2022,both,winner,ok,,2270
p75_A_2022_title,75,A,2022,title,winner,ok,,2186
p75_A_2022_move,75,A,2022,move,winner,ok,,2259
p75_B_2021_base,75,B,2021,base,base,ok,,1953
p75_B_2022_loser,75,B,2022,loser,loser,ok,,1930
p76_A_2021_base,76,A,2021,base,base,ok,,1913
p76_A_2022_loser,76,A,2022,loser,loser,ok,,1912
p76_B_2022_move,76,B,2022,move,winner,ok,,2303
p76_B_2022_salary,76,B,2022,salary,winner,ok,,2149
p76_B_2021_base,76,B,2021,base,base,ok,,1916
p76_B_2022_title,76,B,2022,title,winner,ok,,2284
p76_B_2022_both,76,B,2022,both,winner,ok,,1978
p77_A_2021_base,77,A,2021,base,base,ok,,1362
p77_A_2022_move,77,A,2022,move,winner,ok,,1560
p77_A_2022_salary,77,A,2022,salary,winner,ok,,1622
p77_A_2022_title,77,A,2022,title,winner,ok,,1639
p77_B_2021_base,77,B,2021,base,base,ok,,1437
p77_B_2022_loser,77,B,2022,loser,loser,ok,,1346
p77_A_2022_both,77,A,2022,both,winner,ok,,1574
p78_A_2021_base,78,A,2021,base,base,ok,,2364
p78_A_2022_loser,78,A,2022,loser,loser,ok,,2513
p78_B_2022_salary,78,B,2022,salary,winner,ok,,2888
p78_B_2022_move,78,B,2022,move,winner,ok,,2776
p78_B_2021_base,78,B,2021,base,base,ok,,2472
p79_A_2021_base,79,A,2021,base,base,ok,,1790
p78_B_2022_both,78,B,2022,both,winner,ok,,2754
p78_B_2022_title,78,B,2022,title,winner,ok,,2600
p79_A_2022_move,79,A,2022,move,winner,ok,,1928
p79_A_2022_title,79,A,2022,title,winner,ok,,1867
p79_A_2022_salary,79,A,2022,salary,winner,ok,,1967
p79_B_2022_loser,79,B,2022,loser,loser,ok,,1740
p80_A_2021_base,80,A,2021,base,base,ok,,1941
p79_A_2022_both,79,A,2022,both,winner,ok,,1962
p79_B_2021_base,79,B,2021,base,base,ok,,1816
p80_B_2021_base,80,B,2021,base,base,ok,,1812
p80_A_2022_loser,80,A,2022,loser,loser,ok,,1700
p80_B_2022_salary,80,B,2022,salary,winner,ok,,2138
p80_B_2022_move,80,B,2022,move,winner,ok,,1864
p80_B_2022_title,80,B,2022,title,winner,ok,,1881
p80_B_2022_both,80,B,2022,both,winner,ok,,2057
p81_A_2021_base,81,A,2021,base,base,ok,,2613
p81_A_2022_salary,81,A,2022,salary,winner,ok,,2810
p81_A_2022_move,81,A,2022,move,winner,ok,,2579
p81_A_2022_title,81,A,2022,title,winner,ok,,2633
p81_A_2022_both,81,A,2022,both,winner,ok,,2715
p81_B_2022_loser,81,B,2022,loser,loser,ok,,2354
p81_B_2021_base,81,B,2021,base,base,ok,,2420
p82_A_2021_base,82,A,2021,base,base,ok,,2110
p82_A_2022_loser,82,A,2022,loser,loser,ok,,1690
p82_B_2021_base,82,B,2021,base,base,ok,,1656
p82_B_2022_title,82,B,2022,title,winner,ok,,1950
p82_B_2022_move,82,B,2022,move,winner,ok,,1992
p82_B_2022_both,82,B,2022,both,winner,ok,,1979
p83_A_2021_base,83,A,2021,base,base,ok,,1861
p82_B_2022_salary,82,B,2022,salary,winner,ok,,1903
p83_A_2022_salary,83,A,2022,salary,winner,ok,,2268
p83_A_2022_move,83,A,2022,move,winner,ok,,1957
p83_A_2022_both,83,A,2022,both,winner,ok,,2390
p83_B_2021_base,83,B,2021,base,base,ok,,1955
p83_A_2022_title,83,A,2022,title,winner,ok,,2129
p83_B_2022_loser,83,B,2022,loser,loser,ok,,2069
p84_A_2021_base,84,A,2021,base,base,ok,,2400
p84_B_2021_base,84,B,2021,base,base,ok,,2249
p84_A_2022_loser,84,A,2022,loser,loser,ok,,2332
p84_B_2022_move,84,B,2022,move,winner,ok,,2585
p84_B_2022_salary,84,B,2022,salary,winner,ok,,2592
p84_B_2022_title,84,B,2022,title,winner,ok,,2686
p84_B_2022_both,84,B,2022,both,winner,ok,,2430
p85_A_2022_salary,85,A,2022,salary,winner,ok,,2337
p85_A_2022_move,85,A,2022,move,winner,ok,,2193
p85_A_2022_title,85,A,2022,title,winner,ok,,2314
p85_A_2021_base,85,A,2021,base,base,ok,,2177
p85_B_2021_base,85,B,2021,base,base,ok,,1918
p85_B_2022_loser,85,B,2022,loser,loser,ok,,1882
p86_A_2022_loser,86,A,2022,loser,loser,ok,,1572
p85_A_2022_both,85,A,2022,both,winner,ok,,2218
p86_B_2021_base,86,B,2021,base,base,ok,,1681
p86_A_2021_base,86,A,2021,base,base,ok,,1716
p86_B_2022_move,86,B,2022,move,winner,ok,,1966
p87_A_2021_base,87,A,2021,base,base,ok,,883
p86_B_2022_title,86,B,2022,title,winner,ok,,1855
p87_A_2022_move,87,A,2022,move,winner,ok,,1012
p86_B_2022_both,86,B,2022,both,winner,ok,,1977
p86_B_2022_salary,86,B,2022,salary,winner,ok,,1907
p87_A_2022_title,87,A,2022,title,winner,ok,,1052
p87_A_2022_salary,87,A,2022,salary,winner,ok,,1125
p87_A_2022_both,87,A,2022,both,winner,ok,,1130
p87_B_2022_loser,87,B,2022,loser,loser,ok,,1199
p87_B_2021_base,87,B,2021,base,base,ok,,1060
p88_A_2021_base,88,A,2021,base,base,ok,,1848
p88_B_2021_base,88,B,2021,base,base,ok,,1946
p88_A_2022_loser,88,A,2022,loser,loser,ok,,2023
p88_B_2022_title,88,B,2022,title,winner,ok,,2007
p88_B_2022_salary,88,B,2022,salary,winner,ok,,2353
p88_B_2022_both,88,B,2022,both,winner,ok,,2178
p89_A_2021_base,89,A,2021,base,base,ok,,1764
p89_A_2022_move,89,A,2022,move,winner,ok,,2222
p89_A_2022_salary,89,A,2022,salary,winner,ok,,2185
p89_A_2022_title,89,A,2022,title,winner,ok,,2163
p89_A_2022_both,89,A,2022,both,winner,ok,,2204
p88_B_2022_move,88,B,2022,move,winner,ok,,2311
p89_B_2021_base,89,B,2021,base,base,ok,,1864
p89_B_2022_loser,89,B,2022,loser,loser,ok,,1954
p90_A_2022_loser,90,A,2022,loser,loser,ok,,1477
p90_B_2022_salary,90,B,2022,salary,winner,ok,,1523
p90_B_2022_move,90,B,2022,move,winner,ok,,1860
p90_B_2022_title,90,B,2022,title,winner,ok,,1737
p90_A_2021_base,90,A,2021,base,base,ok,,1419
p90_B_2022_both,90,B,2022,both,winner,ok,,1647
p91_A_2021_base,91,A,2021,base,base,ok,,1513
p90_B_2021_base,90,B,2021,base,base,ok,,1501
p91_A_2022_move,91,A,2022,move,winner,ok,,1671
p91_A_2022_salary,91,A,2022,salary,winner,ok,,1602
p91_A_2022_title,91,A,2022,title,winner,ok,,1567
p91_B_2021_base,91,B,2021,base,base,ok,,1499
p91_A_2022_both,91,A,2022,both,winner,ok,,1535
p92_A_2021_base,92,A,2021,base,base,ok,,1630
p91_B_2022_loser,91,B,2022,loser,loser,ok,,1701
p92_B_2022_move,92,B,2022,move,winner,ok,,2009
p92_B_2022_salary,92,B,2022,salary,winner,ok,,2060
p92_A_2022_loser,92,A,2022,loser,loser,ok,,1553
p92_B_2021_base,92,B,2021,base,base,ok,,1812
p92_B_2022_both,92,B,2022,both,winner,ok,,1924
p93_A_2021_base,93,A,2021,base,base,ok,,1085
p92_B_2022_title,92,B,2022,title,winner,ok,,1960
p93_A_2022_move,93,A,2022,move,winner,ok,,1196
p93_A_2022_title,93,A,2022,title,winner,ok,,1295
p93_B_2021_base,93,B,2021,base,base,ok,,1031
p93_A_2022_salary,93,A,2022,salary,winner,ok,,1246
p93_B_2022_loser,93,B,2022,loser,loser,ok,,997
p94_A_2021_base,94,A,2021,base,base,ok,,1322
p94_A_2022_loser,94,A,2022,loser,loser,ok,,1351
p94_B_2021_base,94,B,2021,base,base,ok,,1339
p94_B_2022_move,94,B,2022,move,winner,ok,,1618
p94_B_2022_salary,94,B,2022,salary,winner,ok,,1602
p93_A_2022_both,93,A,2022,both,winner,ok,,1286
p94_B_2022_both,94,B,2022,both,winner,ok,,1611
p94_B_2022_title,94,B,2022,title,winner,ok,,1702
p95_A_2022_salary,95,A,2022,salary,winner,ok,,1893
p95_A_2021_base,95,A,2021,base,base,ok,,1673
p95_A_2022_title,95,A,2022,title,winner,ok,,2035
p95_A_2022_move,95,A,2022,move,winner,ok,,1879
p95_B_2021_base,95,B,2021,base,base,ok,,1823
p95_A_2022_both,95,A,2022,both,winner,ok,,1861
p96_B_2021_base,96,B,2021,base,base,ok,,1567
p96_A_2021_base,96,A,2021,base,base,ok,,1684
p96_A_2022_loser,96,A,2022,loser,loser,ok,,1741
p95_B_2022_loser,95,B,2022,loser,loser,ok,,1729
p96_B_2022_move,96,B,2022,move,winner,ok,,1851
p96_B_2022_salary,96,B,2022,salary,winner,ok,,2037
p97_A_2021_base,97,A,2021,base,base,ok,,1973
p96_B_2022_title,96,B,2022,title,winner,ok,,2001
p96_B_2022_both,96,B,2022,both,winner,ok,,1984
p97_A_2022_move,97,A,2022,move,winner,ok,,2257
p97_A_2022_salary,97,A,2022,salary,winner,ok,,2326
p97_A_2022_both,97,A,2022,both,winner,ok,,2300
p97_B_2022_loser,97,B,2022,loser,loser,ok,,1913
p97_A_2022_title,97,A,2022,title,winner,ok,,2127
p97_B_2021_base,97,B,2021,base,base,ok,,1979
p98_A_2021_base,98,A,2021,base,base,ok,,2643
p98_A_2022_loser,98,A,2022,loser,loser,ok,,2771
p98_B_2021_base,98,B,2021,base,base,ok,,2730
p98_B_2022_move,98,B,2022,move,winner,ok,,2996
p98_B_2022_salary,98,B,2022,salary,winner,ok,,3110
p98_B_2022_both,98,B,2022,both,winner,ok,,3168
p98_B_2022_title,98,B,2022,title,winner,ok,,3038
p100_A_2021_base,100,A,2021,base,base,ok,,1789
p100_A_2022_title,100,A,2022,title,winner,ok,,1878
p100_A_2022_salary,100,A,2022,salary,winner,ok,,1970
p100_A_2022_both,100,A,2022,both,winner,ok,,2006
p100_B_2021_base,100,B,2021,base,base,ok,,1629
p100_B_2022_loser,100,B,2022,loser,loser,ok,,1594
p100_A_2022_move,100,A,2022,move,winner,ok,,1833
p101_B_2021_base,101,B,2021,base,base,ok,,2071
p101_A_2021_base,101,A,2021,base,base,ok,,1852
p101_A_2022_loser,101,A,2022,loser,loser,ok,,1995
p101_B_2022_move,101,B,2022,move,winner,ok,,2115
p101_B_2022_title,101,B,2022,title,winner,ok,,2156
p102_A_2021_base,102,A,2021,base,base,ok,,1288
p102_A_2022_move,102,A,2022,move,winner,ok,,1499
p101_B_2022_both,101,B,2022,both,winner,ok,,2206
p101_B_2022_salary,101,B,2022,salary,winner,ok,,2272
p102_B_2021_base,102,B,2021,base,base,ok,,1776
p102_A_2022_both,102,A,2022,both,winner,ok,,1671
p102_A_2022_title,102,A,2022,title,winner,ok,,1672
p102_A_2022_salary,102,A,2022,salary,winner,ok,,1584
p102_B_2022_loser,102,B,2022,loser,loser,ok,,1588
p103_A_2021_base,103,A,2021,base,base,ok,,2426
p103_B_2021_base,103,B,2021,base,base,ok,,2543
p103_A_2022_loser,103,A,2022,loser,loser,ok,,2473
p103_B_2022_title,103,B,2022,title,winner,ok,,2818
p103_B_2022_salary,103,B,2022,salary,winner,ok,,2898
p103_B_2022_move,103,B,2022,move,winner,ok,,2739
p103_B_2022_both,103,B,2022,both,winner,ok,,2415
p104_A_2021_base,104,A,2021,base,base,ok,,2357
p104_A_2022_salary,104,A,2022,salary,winner,ok,,2674
p104_A_2022_title,104,A,2022,title,winner,ok,,2358
p104_A_2022_both,104,A,2022,both,winner,ok,,2600
p104_B_2021_base,104,B,2021,base,base,ok,,2132
p104_A_2022_move,104,A,2022,move,winner,ok,,2686
p105_A_2022_loser,105,A,2022,loser,loser,ok,,2003
p104_B_2022_loser,104,B,2022,loser,loser,ok,,2245
p105_B_2022_move,105,B,2022,move,winner,ok,,2427
p105_B_2021_base,105,B,2021,base,base,ok,,2192
p105_A_2021_base,105,A,2021,base,base,ok,,1903
p105_B_2022_salary,105,B,2022,salary,winner,ok,,2315
p105_B_2022_title,105,B,2022,title,winner,ok,,2282
p106_A_2022_move,106,A,2022,move,winner,ok,,1030
p105_B_2022_both,105,B,2022,both,winner,ok,,2312
p106_A_2022_title,106,A,2022,title,winner,ok,,1049
p106_A_2021_base,106,A,2021,base,base,ok,,874
p106_A_2022_salary,106,A,2022,salary,winner,ok,,1042
p106_B_2022_loser,106,B,2022,loser,loser,ok,,951
p106_B_2021_base,106,B,2021,base,base,ok,,1029
p106_A_2022_both,106,A,2022,both,winner,ok,,1128
p107_B_2021_base,107,B,2021,base,base,ok,,1585
p107_A_2021_base,107,A,2021,base,base,ok,,1587
p107_A_2022_loser,107,A,2022,loser,loser,ok,,1623
p107_B_2022_salary,107,B,2022,salary,winner,ok,,1977
p107_B_2022_move,107,B,2022,move,winner,ok,,1957
p108_A_2022_move,108,A,2022,move,winner,ok,,2673
p108_A_2021_base,108,A,2021,base,base,ok,,2196
p107_B_2022_both,107,B,2022,both,winner,ok,,2111
p107_B_2022_title,107,B,2022,title,winner,ok,,2010
p108_A_2022_salary,108,A,2022,salary,winner,ok,,2522
p108_A_2022_title,108,A,2022,title,winner,ok,,2437
p109_A_2021_base,109,A,2021,base,base,ok,,1670
p108_B_2022_loser,108,B,2022,loser,loser,ok,,2222
p108_A_2022_both,108,A,2022,both,winner,ok,,2354
p108_B_2021_base,108,B,2021,base,base,ok,,2076
p109_A_2022_loser,109,A,2022,loser,loser,ok,,1684
p109_B_2021_base,109,B,2021,base,base,ok,,1638
p109_B_2022_title,109,B,2022,title,winner,ok,,1951
p109_B_2022_salary,109,B,2022,salary,winner,ok,,1875
p109_B_2022_move,109,B,2022,move,winner,ok,,2046
p109_B_2022_both,109,B,2022,both,winner,ok,,2000
p110_A_2022_move,110,A,2022,move,winner,ok,,2322
p110_A_2022_title,110,A,2022,title,winner,ok,,2350
p110_A_2022_both,110,A,2022,both,winner,ok,,2118
p110_A_2021_base,110,A,2021,base,base,ok,,1927
p110_B_2021_base,110,B,2021,base,base,ok,,2068
p110_A_2022_salary,110,A,2022,salary,winner,ok,,2185
p110_B_2022_loser,110,B,2022,loser,loser,ok,,2045
p111_A_2022_loser,111,A,2022,loser,loser,ok,,1748
p111_B_2021_base,111,B,2021,base,base,ok,,1570
p111_B_2022_salary,111,B,2022,salary,winner,ok,,1904
p111_B_2022_move,111,B,2022,move,winner,ok,,1889
p111_A_2021_base,111,A,2021,base,base,ok,,1669
p111_B_2022_title,111,B,2022,title,winner,ok,,1817
p112_A_2021_base,112,A,2021,base,base,ok,,1817
p111_B_2022_both,111,B,2022,both,winner,ok,,1838
p112_A_2022_move,112,A,2022,move,winner,ok,,2227
p112_A_2022_salary,112,A,2022,salary,winner,ok,,2198
p112_A_2022_title,112,A,2022,title,winner,ok,,2337
p112_A_2022_both,112,A,2022,both,winner,ok,,2233
p112_B_2021_base,112,B,2021,base,base,ok,,1821
p113_A_2021_base,113,A,2021,base,base,ok,,1584
p113_B_2021_base,113,B,2021,base,base,ok,,1574
p113_A_2022_loser,113,A,2022,loser,loser,ok,,1680
p113_B_2022_move,113,B,2022,move,winner,ok,,1745
p112_B_2022_loser,112,B,2022,loser,loser,ok,,1890
p113_B_2022_title,113,B,2022,title,winner,ok,,1967
p113_B_2022_salary,113,B,2022,salary,winner,ok,,1858
p113_B_2022_both,113,B,2022,both,winner,ok,,1884
p114_A_2021_base,114,A,2021,base,base,ok,,2243
p114_A_2022_move,114,A,2022,move,winner,ok,,2402
p114_A_2022_title,114,A,2022,title,winner,ok,,2703
p114_A_2022_both,114,A,2022,both,winner,ok,,2461
p114_A_2022_salary,114,A,2022,salary,winner,ok,,2577
p114_B_2021_base,114,B,2021,base,base,ok,,2142
p114_B_2022_loser,114,B,2022,loser,loser,ok,,2362
p115_A_2022_loser,115,A,2022,loser,loser,ok,,2213
p115_B_2021_base,115,B,2021,base,base,ok,,2159
p115_A_2021_base,115,A,2021,base,base,ok,,2183
p115_B_2022_move,115,B,2022,move,winner,ok,,2479
p115_B_2022_both,115,B,2022,both,winner,ok,,2415
p116_A_2021_base,116,A,2021,base,base,ok,,1709
p115_B_2022_salary,115,B,2022,salary,winner,ok,,2320
p115_B_2022_title,115,B,2022,title,winner,ok,,2734
p116_A_2022_both,116,A,2022,both,winner,ok,,1983
p116_A_2022_title,116,A,2022,title,winner,ok,,1930
p116_A_2022_move,116,A,2022,move,winner,ok,,1841
p116_B_2022_loser,116,B,2022,loser,loser,ok,,1530
p116_A_2022_salary,116,A,2022,salary,winner,ok,,1773
p116_B_2021_base,116,B,2021,base,base,ok,,1626
p117_A_2021_base,117,A,2021,base,base,ok,,1753
p117_B_2021_base,117,B,2021,base,base,ok,,1680
p117_B_2022_move,117,B,2022,move,winner,ok,,1959
p117_B_2022_salary,117,B,2022,salary,winner,ok,,1881
p117_A_2022_loser,117,A,2022,loser,loser,ok,,1726
p118_A_2021_base,118,A,2021,base,base,ok,,2116
p118_A_2022_move,118,A,2022,move,winner,ok,,2177
p117_B_2022_title,117,B,2022,title,winner,ok,,1998
p117_B_2022_both,117,B,2022,both,winner,ok,,1938
p118_A_2022_title,118,A,2022,title,winner,ok,,2125
p118_A_2022_both,118,A,2022,both,winner,ok,,2313
p118_A_2022_salary,118,A,2022,salary,winner,ok,,2202
p118_B_2022_loser,118,B,2022,loser,loser,ok,,2009
p118_B_2021_base,118,B,2021,base,base,ok,,2047
p119_A_2021_base,119,A,2021,base,base,ok,,1848
p119_B_2022_move,119,B,2022,move,winner,ok,,2312
p119_B_2021_base,119,B,2021,base,base,ok,,1889
p119_B_2022_salary,119,B,2022,salary,winner,ok,,2225
p119_B_2022_title,119,B,2022,title,winner,ok,,2187
p119_B_2022_both,119,B,2022,both,winner,ok,,2236
p119_A_2022_loser,119,A,2022,loser,loser,ok,,1903
p120_A_2021_base,120,A,2021,base,base,ok,,1405
p120_A_2022_move,120,A,2022,move,winner,ok,,1605
p120_A_2022_salary,120,A,2022,salary,winner,ok,,1644
p120_A_2022_both,120,A,2022,both,winner,ok,,1646
p120_B_2022_loser,120,B,2022,loser,loser,ok,,1445
p121_A_2021_base,121,A,2021,base,base,ok,,1361
p121_A_2022_loser,121,A,2022,loser,loser,ok,,1073
p120_A_2022_title,120,A,2022,title,winner,ok,,1513
p120_B_2021_base,120,B,2021,base,base,ok,,1504
p121_B_2021_base,121,B,2021,base,base,ok,,1444
p121_B_2022_both,121,B,2022,both,winner,ok,,1429
p121_B_2022_salary,121,B,2022,salary,winner,ok,,1537
p121_B_2022_title,121,B,2022,title,winner,ok,,1491
p121_B_2022_move,121,B,2022,move,winner,ok,,1390
p123_A_2021_base,123,A,2021,base,base,ok,,1530
p123_A_2022_salary,123,A,2022,salary,winner,ok,,1898
p123_A_2022_move,123,A,2022,move,winner,ok,,1682
p123_A_2022_title,123,A,2022,title,winner,ok,,1675
p123_B_2021_base,123,B,2021,base,base,ok,,1429
p123_A_2022_both,123,A,2022,both,winner,ok,,1805
p124_A_2021_base,124,A,2021,base,base,ok,,1321
p123_B_2022_loser,123,B,2022,loser,loser,ok,,1361
p124_A_2022_loser,124,A,2022,loser,loser,ok,,1272
p124_B_2021_base,124,B,2021,base,base,ok,,1357
p124_B_2022_salary,124,B,2022,salary,winner,ok,,1740
p124_B_2022_title,124,B,2022,title,winner,ok,,1748
p124_B_2022_move,124,B,2022,move,winner,ok,,1800
p124_B_2022_both,124,B,2022,both,winner,ok,,1702
